,Unnamed: 0,Track_ID,Source_ID,Splitting_event,Lineage,Track_Coordinate_X,Track_Coordinate_Y,Frame,EndPoint_ID,Position,Dataset,Condition,Generation,Mother_ID,Grandmother_ID,Sister_ID,Daughters_ID,Number_of_daughters_in_mitosis,Mother_Number_of_daughters_in_mitosis,Cell_Cycle_mins,Cell_Cycle_hours,N_dead_offspring,N_leaving_offspring,Laggings,Massive Missegregation,DNA bridge,Misaligned,MN,Multipolar Division,Cytokinesis Failure,Slippage,Other,Mitotic Death,any_true, ,Label,X,Y,Frame_onset,Frames_in_mitosis,Mitotic_duration_mins,Interphase_duration_mins,Interphase_duration_hrs,Mitotic_duration_hrs,Mother_Mitotic_duration_mins,Mother_arrested,Metaphase_arrested,Frame_onset_hrs,Frame_hrs,Augmin_depletion_bin,Mitotic_duration_bin,Unique_Track_ID,Unique_Source_ID,N_dead_offspring_bool
0,0,0,2004,True,2004,994.786176905382,916.89371490696,122,[],1,Example,1_siLUC1,1,,,,[],0,,,,0,0,False,False,False,False,False,False,False,False,False,False,False,8,tomeasure:2004:110,987.114,927.47,109,13,91,,,1.5166666666666666,,,090-120,12.716666666666667,14.233333333333333,"(12, 36]","(90, 120]",Example10,Example12004,False
1,1,1,2027,True,2027,826.8478191215497,984.0138151396428,105,[],1,Example,1_siLUC1,1,,,,['2038' '2064'],2,,,,0,0,False,False,False,False,False,False,False,False,False,False,False,2,tomeasure:2027:98,826.365,980.074,97,8,56,,,0.9333333333333333,,,030-060,11.316666666666666,12.25,nan,"(30, 60]",Example11,Example12027,False
2,2,1,2038,True,2027.2038,856.1265459720206,1054.7247026275725,423,[],1,Example,1_siLUC1,2,2027.0,,2064.0,[],0,2.0,2226.0,37.1,0,0,False,False,False,False,False,False,False,False,False,False,False,28,tomeasure:2038:414,847.486,1024.38,413,10,70,2156.0,35.93333333333333,1.1666666666666667,56.0,030-060,060-090,48.18333333333333,49.35,"(36, 60]","(60, 90]",Example11,Example12038,False
3,3,1,2064,True,2027.2064,439.04279555493673,1147.25652805123,511,[],1,Example,1_siLUC1,2,2027.0,,2038.0,[],0,2.0,2842.0,47.36666666666667,0,0,False,False,False,False,False,False,False,False,False,False,False,36,tomeasure:2064:503,439.389,1150.368,502,9,63,2779.0,46.31666666666667,1.05,56.0,030-060,060-090,58.56666666666667,59.61666666666667,"(36, 60]","(60, 90]",Example11,Example12064,False
4,4,2,2085,True,2085,665.262392635461,960.2593763741664,109,[],1,Example,1_siLUC1,1,,,,['2094' '2143'],2,,,,0,0,False,False,False,False,False,False,False,False,False,False,False,5,tomeasure:2085:103,689.249,954.384,102,7,49,,,0.8166666666666667,,,030-060,11.9,12.716666666666667,nan,"(30, 60]",Example12,Example12085,False
5,5,2,2094,True,2085.2094,596.7612203815295,959.7069475656672,443,[],1,Example,1_siLUC1,2,2085.0,,2143.0,['2105' '2126'],2,2.0,2338.0,38.96666666666667,0,0,False,False,False,False,False,False,False,False,False,False,False,30,tomeasure:2094:437,591.439,973.048,436,7,49,2289.0,38.15,0.8166666666666667,49.0,030-060,030-060,50.86666666666667,51.68333333333333,"(36, 60]","(30, 60]",Example12,Example12094,False
6,6,2,2105,True,2085.2094.2105,849.7736146742769,935.9525088001908,694,[],1,Example,1_siLUC1,3,2094.0,2085.0,2126.0,[],0,2.0,1757.0,29.28333333333333,0,0,False,False,False,False,False,False,False,False,False,False,False,49,tomeasure:2105:678,836.295,931.598,677,17,119,1638.0,27.3,1.9833333333333334,49.0,030-060,090-120,78.98333333333333,80.96666666666667,"(60, 84]","(90, 120]",Example12,Example12105,False
7,7,2,2126,True,2085.2094.2126,855.8503315677709,1362.4275489617653,737,[],1,Example,1_siLUC1,3,2094.0,2085.0,2105.0,[],0,2.0,2058.0,34.3,0,0,False,False,False,False,False,False,False,False,False,False,False,56,tomeasure:2126:726,856.611,1410.193,725,12,84,1974.0,32.9,1.4,49.0,030-060,060-090,84.58333333333333,85.98333333333333,nan,"(60, 90]",Example12,Example12126,False
8,8,2,2143,True,2085.2143,632.6690929339935,783.7583720585928,438,[],1,Example,1_siLUC1,2,2085.0,,2094.0,['2154'],1,2.0,2303.0,38.38333333333333,0,0,False,False,False,False,False,False,False,False,False,False,False,29,tomeasure:2143:433,652.37,787.008,432,6,42,2261.0,37.68333333333333,0.7,49.0,030-060,030-060,50.4,51.1,"(36, 60]","(30, 60]",Example12,Example12143,False
9,9,2,2154,True,2085.2143.2154,164.76189213496056,738.1829953573882,787,[],1,Example,1_siLUC1,3,2143.0,2085.0,,[],0,1.0,2443.0,40.71666666666667,0,0,False,False,False,False,False,False,False,False,False,False,False,59,tomeasure:2154:781,167.973,734.382,780,7,49,2394.0,39.9,0.8166666666666667,42.0,030-060,030-060,91.0,91.81666666666666,nan,"(30, 60]",Example12,Example12154,False
10,10,3,2175,True,2175,1013.016327585864,910.5407836092162,120,[],1,Example,1_siLUC1,1,,,,['2186' '2237'],2,,,,0,0,False,False,False,False,False,False,False,False,False,False,False,7,tomeasure:2175:114,1007.832,908.813,113,7,49,,,0.8166666666666667,,,030-060,13.183333333333334,14.0,"(12, 36]","(30, 60]",Example13,Example12175,False
11,11,3,2186,True,2175.2186,1044.5047696703325,982.9089575226438,357,[],1,Example,1_siLUC1,2,2175.0,,2237.0,['2197' '2212'],2,2.0,1659.0,27.65,0,0,False,False,False,False,False,False,False,False,False,False,False,18,tomeasure:2186:350,1036.832,972.61,349,8,56,1603.0,26.716666666666665,0.9333333333333333,49.0,030-060,030-060,40.71666666666667,41.65,"(36, 60]","(30, 60]",Example13,Example12186,False
12,12,3,2197,True,2175.2186.2197,746.1932130806302,737.6305665488887,817,[],1,Example,1_siLUC1,3,2186.0,2175.0,2212.0,[],0,2.0,3220.0,53.66666666666666,0,0,False,False,False,False,False,False,False,False,True,False,True,67,tomeasure:2197:816,750.134,737.285,815,2,14,3206.0,53.43333333333333,0.23333333333333334,56.0,030-060,000-030 min,95.08333333333333,95.31666666666666,nan,"(0, 30]",Example13,Example12197,False
13,13,3,2212,True,2175.2186.2212,1012.7401131816144,1484.2381012358935,783,[],1,Example,1_siLUC1,3,2186.0,2175.0,2197.0,[],0,2.0,2982.0,49.7,0,0,False,False,False,False,False,False,False,False,False,False,False,57,tomeasure:2212:776,1019.445,1481.48,775,8,56,2926.0,48.766666666666666,0.9333333333333333,56.0,030-060,030-060,90.41666666666667,91.35,nan,"(30, 60]",Example13,Example12212,False
14,14,3,2237,True,2175.2237,930.7044351194462,1297.7933783673298,384,[],1,Example,1_siLUC1,2,2175.0,,2186.0,['2252' '2291'],2,2.0,1848.0,30.8,0,0,False,False,False,False,False,False,False,False,False,False,False,22,tomeasure:2237:376,936.58,1315.697,375,9,63,1785.0,29.75,1.05,49.0,030-060,060-090,43.75,44.8,"(36, 60]","(60, 90]",Example13,Example12237,False
15,15,3,2252,True,2175.2237.2252,1008.5968971178684,830.4386063767962,643,[],1,Example,1_siLUC1,3,2237.0,2175.0,2291.0,[],0,2.0,1813.0,30.216666666666665,0,0,False,False,False,False,False,False,False,False,True,False,True,40,tomeasure:2252:635,997.883,846.268,634,9,63,1750.0,29.166666666666668,1.05,63.0,060-090,060-090,73.96666666666667,75.01666666666667,"(60, 84]","(60, 90]",Example13,Example12252,False
16,16,3,2291,True,2175.2237.2291,938.4384384384384,937.3335808214396,681,[],1,Example,1_siLUC1,3,2237.0,2175.0,2252.0,[],0,2.0,2079.0,34.65,0,0,False,False,False,False,False,False,False,False,False,False,False,47,tomeasure:2291:673,941.135,914.177,672,9,63,2016.0,33.6,1.05,63.0,060-090,060-090,78.4,79.45,"(60, 84]","(60, 90]",Example13,Example12291,False
17,17,4,2322,True,2322,1309.6705977500678,1072.1262100953052,107,[],1,Example,1_siLUC1,1,,,,['2335' '2390'],2,,,,0,0,False,False,False,False,False,False,False,False,False,False,False,3,tomeasure:2322:100,1306.56,1061.274,99,8,56,,,0.9333333333333333,,,030-060,11.55,12.483333333333333,nan,"(30, 60]",Example14,Example12322,False
18,18,4,2335,True,2322.2335,1199.4610504544278,1268.2384371126093,398,[],1,Example,1_siLUC1,2,2322.0,,2390.0,['2354' '2367'],2,2.0,2037.0,33.95,0,0,False,False,False,False,False,False,False,False,False,False,False,23,tomeasure:2335:391,1210.867,1269.276,390,8,56,1981.0,33.016666666666666,0.9333333333333333,56.0,030-060,030-060,45.5,46.43333333333333,"(36, 60]","(30, 60]",Example14,Example12335,False
19,19,4,2354,True,2322.2335.2354,1039.2566959895878,371.0940521095046,817,[],1,Example,1_siLUC1,3,2335.0,2322.0,2367.0,[],0,2.0,2933.0,48.88333333333333,0,0,False,False,False,False,False,False,False,False,True,False,True,65,tomeasure:2354:816,1033.519,365.634,815,2,14,2919.0,48.65,0.23333333333333334,56.0,030-060,000-030 min,95.08333333333333,95.31666666666666,nan,"(0, 30]",Example14,Example12354,False
20,20,4,2367,True,2322.2335.2367,1121.292374051756,1261.0568626021163,677,[],1,Example,1_siLUC1,3,2335.0,2322.0,2354.0,[],0,2.0,1953.0,32.55,0,0,False,False,False,False,False,False,False,False,False,False,False,46,tomeasure:2367:666,1124.68,1267.21,665,12,84,1869.0,31.15,1.4,56.0,030-060,060-090,77.58333333333333,78.98333333333333,"(60, 84]","(60, 90]",Example14,Example12367,False
21,21,4,2390,True,2322.2390,1329.0056060475488,1200.289693667177,409,[],1,Example,1_siLUC1,2,2322.0,,2335.0,['2405' '2434'],2,2.0,2114.0,35.233333333333334,0,0,False,False,False,False,False,False,False,False,False,False,False,25,tomeasure:2390:402,1331.84,1195.935,401,8,56,2058.0,34.3,0.9333333333333333,56.0,030-060,030-060,46.78333333333333,47.71666666666667,"(36, 60]","(30, 60]",Example14,Example12390,False
22,22,4,2405,True,2322.2390.2405,1162.7245346892144,1420.1563594499578,654,['2418'],1,Example,1_siLUC1,3,2390.0,2322.0,2434.0,[],0,2.0,1715.0,28.58333333333333,0,0,False,False,False,False,False,False,False,False,False,False,False,42,tomeasure:2405:646,1156.573,1419.683,645,9,63,1652.0,27.533333333333335,1.05,56.0,030-060,060-090,75.25,76.3,"(60, 84]","(60, 90]",Example14,Example12405,False
23,23,4,2434,True,2322.2390.2434,1300.555522409827,1235.0927086026422,683,[],1,Example,1_siLUC1,3,2390.0,2322.0,2405.0,[],0,2.0,1918.0,31.966666666666665,0,0,False,False,False,False,False,False,False,False,False,False,False,48,tomeasure:2434:675,1306.155,1229.909,674,9,63,1855.0,30.916666666666668,1.05,56.0,030-060,060-090,78.63333333333334,79.68333333333334,"(60, 84]","(60, 90]",Example14,Example12434,False
24,24,5,2453,True,2453,477.71281214989824,893.4154905457334,109,[],1,Example,1_siLUC1,1,,,,['2460' '2496'],2,,,,0,0,False,False,False,False,False,False,False,False,False,False,False,4,tomeasure:2453:105,471.699,892.655,104,5,35,,,0.5833333333333334,,,030-060,12.133333333333333,12.716666666666667,"(12, 36]","(30, 60]",Example15,Example12453,False
25,25,5,2460,True,2453.2460,328.55703385504705,1100.023864924527,420,[],1,Example,1_siLUC1,2,2453.0,,2496.0,['2473'],1,2.0,2177.0,36.28333333333333,0,0,True,False,False,False,False,False,False,False,False,False,True,26,tomeasure:2460:415,318.396,1098.987,414,6,42,2135.0,35.583333333333336,0.7,35.0,030-060,030-060,48.3,49.0,"(36, 60]","(30, 60]",Example15,Example12460,False
26,26,5,2473,True,2453.2460.2473,818.561386994058,1061.9062771380652,786,[],1,Example,1_siLUC1,3,2460.0,2453.0,,[],0,1.0,2562.0,42.7,0,0,False,False,False,False,False,False,False,False,False,False,False,58,tomeasure:2473:778,797.341,1013.174,777,9,63,2499.0,41.65,1.05,42.0,030-060,060-090,90.65,91.7,nan,"(60, 90]",Example15,Example12473,False
27,27,5,2496,True,2453.2496,611.9530126152642,985.1186727566418,473,[],1,Example,1_siLUC1,2,2453.0,,2460.0,['2507' '2522'],2,2.0,2548.0,42.46666666666667,0,0,False,False,False,False,False,False,False,False,False,False,False,31,tomeasure:2496:467,596.4,979.659,466,7,49,2499.0,41.65,0.8166666666666667,35.0,030-060,030-060,54.36666666666667,55.18333333333333,"(36, 60]","(30, 60]",Example15,Example12496,False
28,28,5,2507,True,2453.2496.2507,455.6156598099202,934.2952223746926,720,[],1,Example,1_siLUC1,3,2496.0,2453.0,2522.0,[],0,2.0,1729.0,28.816666666666663,0,0,False,False,False,False,False,False,False,False,False,False,False,53,tomeasure:2507:712,432.321,932.429,711,9,63,1666.0,27.766666666666666,1.05,49.0,030-060,060-090,82.95,84.0,"(60, 84]","(60, 90]",Example15,Example12507,False
29,29,5,2522,True,2453.2496.2522,729.6203488256468,872.9756246312537,671,[],1,Example,1_siLUC1,3,2496.0,2453.0,2507.0,[],0,2.0,1386.0,23.1,0,0,False,False,False,False,False,False,False,False,False,False,False,45,tomeasure:2522:665,733.146,885.626,664,7,49,1337.0,22.283333333333335,0.8166666666666667,49.0,030-060,030-060,77.46666666666667,78.28333333333333,"(60, 84]","(30, 60]",Example15,Example12522,False
30,30,6,2543,True,2543,785.4156584840912,1183.993043816443,117,[],1,Example,1_siLUC1,1,,,,['2550' '2580'],2,,,,0,0,False,False,False,False,False,False,False,False,False,False,False,6,tomeasure:2543:110,784.103,1185.584,109,8,56,,,0.9333333333333333,,,030-060,12.716666666666667,13.65,"(12, 36]","(30, 60]",Example16,Example12543,False
31,31,6,2550,True,2543.2550,759.451504484617,1128.7501629664982,375,[],1,Example,1_siLUC1,2,2543.0,,2580.0,['2563'],1,2.0,1806.0,30.1,0,0,False,False,False,False,False,False,False,False,False,False,False,19,tomeasure:2550:368,756.341,1125.087,367,8,56,1750.0,29.166666666666668,0.9333333333333333,56.0,030-060,030-060,42.81666666666667,43.75,"(36, 60]","(30, 60]",Example16,Example12550,False
32,32,6,2563,True,2543.2550.2563,604.7714381047714,903.3592090987236,794,[],1,Example,1_siLUC1,3,2550.0,2543.0,,[],0,1.0,2933.0,48.88333333333333,0,0,False,False,False,False,False,False,False,False,False,False,False,61,tomeasure:2563:787,625.855,904.673,786,8,56,2877.0,47.95,0.9333333333333333,56.0,030-060,030-060,91.7,92.63333333333334,nan,"(30, 60]",Example16,Example12563,False
33,33,6,2580,True,2543.2580,764.6995781653617,1088.9752887545385,474,[],1,Example,1_siLUC1,2,2543.0,,2550.0,['2595'],1,2.0,2499.0,41.65,0,0,False,False,False,False,False,False,False,False,False,False,False,33,tomeasure:2580:467,769.193,1101.487,466,8,56,2443.0,40.71666666666667,0.9333333333333333,56.0,030-060,030-060,54.36666666666667,55.3,"(36, 60]","(30, 60]",Example16,Example12580,False
34,34,6,2595,True,2543.2580.2595,821.0473166323055,866.8989077377598,696,[],1,Example,1_siLUC1,3,2580.0,2543.0,,[],0,1.0,1554.0,25.9,0,0,False,False,False,False,False,False,False,False,False,False,False,50,tomeasure:2595:688,806.048,876.093,687,9,63,1491.0,24.85,1.05,56.0,030-060,060-090,80.15,81.2,"(60, 84]","(60, 90]",Example16,Example12595,False
35,35,7,2612,True,2612,537.098909063589,1028.2081198195988,174,[],1,Example,1_siLUC1,1,,,,['2623'],1,,,,0,0,False,False,False,False,False,False,False,False,False,False,False,14,tomeasure:2612:167,534.265,1024.822,166,8,56,,,0.9333333333333333,,,030-060,19.366666666666667,20.3,"(12, 36]","(30, 60]",Example17,Example12612,False
36,36,7,2623,True,2612.2623,564.1679206800619,924.903932630202,474,[],1,Example,1_siLUC1,2,2612.0,,,[],0,1.0,2100.0,35.0,0,0,False,False,False,False,False,False,False,False,False,False,False,32,tomeasure:2623:465,568.247,927.047,464,10,70,2030.0,33.833333333333336,1.1666666666666667,56.0,030-060,060-090,54.13333333333333,55.3,"(36, 60]","(60, 90]",Example17,Example12623,False
37,37,8,2640,True,2640,1096.4330776692805,920.760716566456,142,[],1,Example,1_siLUC1,1,,,,['2649' '2694'],2,,,,0,0,False,False,False,False,False,False,False,False,False,False,False,10,tomeasure:2640:136,1080.327,932.028,135,7,49,,,0.8166666666666667,,,030-060,15.75,16.566666666666666,"(12, 36]","(30, 60]",Example18,Example12640,False
38,38,8,2649,True,2640.2649,1075.993211754801,912.4742844389644,423,[],1,Example,1_siLUC1,2,2640.0,,2694.0,['2662' '2677'],2,2.0,1967.0,32.78333333333333,0,0,False,False,False,False,False,False,False,False,False,False,False,27,tomeasure:2649:416,1084.496,909.226,415,8,56,1911.0,31.85,0.9333333333333333,49.0,030-060,030-060,48.416666666666664,49.35,"(36, 60]","(30, 60]",Example18,Example12649,False
39,39,8,2662,True,2640.2649.2662,951.4205154381752,1253.8752880916234,816,[],1,Example,1_siLUC1,3,2649.0,2640.0,2677.0,[],0,2.0,2751.0,45.85,0,0,False,False,False,False,False,False,False,False,False,False,False,64,tomeasure:2662:807,952.319,1249.382,806,10,70,2681.0,44.68333333333333,1.1666666666666667,56.0,030-060,060-090,94.03333333333333,95.2,nan,"(60, 90]",Example18,Example12662,False
40,40,8,2677,True,2640.2649.2677,1085.384501499292,878.4999127162482,664,[],1,Example,1_siLUC1,3,2649.0,2640.0,2662.0,[],0,2.0,1687.0,28.116666666666667,0,0,False,False,False,False,False,False,False,False,False,False,False,43,tomeasure:2677:653,1084.072,878.154,652,12,84,1603.0,26.716666666666665,1.4,56.0,030-060,060-090,76.06666666666666,77.46666666666667,"(60, 84]","(60, 90]",Example18,Example12677,False
41,41,8,2694,True,2640.2694,899.7684218434771,1156.371603391471,401,[],1,Example,1_siLUC1,2,2640.0,,2649.0,['2707'],1,2.0,1813.0,30.216666666666665,0,0,False,False,False,False,False,False,False,False,False,False,False,24,tomeasure:2694:390,898.456,1137.916,389,12,84,1729.0,28.816666666666666,1.4,49.0,030-060,060-090,45.38333333333333,46.78333333333333,"(36, 60]","(60, 90]",Example18,Example12694,False
42,42,8,2707,True,2640.2694.2707,968.2695940974086,1184.5454726249427,720,[],1,Example,1_siLUC1,3,2694.0,2640.0,,[],0,1.0,2233.0,37.21666666666667,0,0,False,False,False,False,False,False,False,False,False,False,False,54,tomeasure:2707:710,975.528,1169.408,709,11,77,2156.0,35.93333333333333,1.2833333333333334,84.0,060-090,060-090,82.71666666666667,84.0,"(60, 84]","(60, 90]",Example18,Example12707,False
43,43,9,2728,True,2728,1258.018504155369,742.3262114211342,105,[],1,Example,1_siLUC1,1,,,,[],0,,,,0,0,False,False,False,False,False,False,False,False,False,False,False,1,tomeasure:2728:98,1263.48,743.502,97,8,56,,,0.9333333333333333,,,030-060,11.316666666666666,12.25,nan,"(30, 60]",Example19,Example12728,False
44,44,10,2755,True,2755,682.1114712946943,934.0190079704428,291,[],1,Example,1_siLUC1,1,,,,['2772'],1,,,,0,0,False,False,False,False,False,False,False,False,False,False,False,17,tomeasure:2755:284,676.789,931.6,283,8,56,,,0.9333333333333333,,,030-060,33.016666666666666,33.95,"(12, 36]","(30, 60]",Example110,Example12755,False
45,45,10,2772,True,2755.2772,723.8198463364026,1330.1104636645475,736,[],1,Example,1_siLUC1,2,2755.0,,,[],0,1.0,3115.0,51.91666666666666,0,0,False,False,False,False,False,False,False,False,True,False,True,55,tomeasure:2772:730,731.078,1331.839,729,7,49,3066.0,51.1,0.8166666666666667,56.0,030-060,030-060,85.05,85.86666666666666,nan,"(30, 60]",Example110,Example12772,False
46,46,11,2789,True,2789,958.6020899486684,627.144804848999,133,[],1,Example,1_siLUC1,1,,,,['2800' '2855'],2,,,,0,0,False,False,False,False,False,False,False,False,False,False,False,9,tomeasure:2789:124,949.824,599.288,123,10,70,,,1.1666666666666667,,,060-090,14.35,15.516666666666667,"(12, 36]","(60, 90]",Example111,Example12789,False
47,47,11,2800,True,2789.2800,1149.1900288809782,775.1957255268513,485,[],1,Example,1_siLUC1,2,2789.0,,2855.0,['2815' '2834'],2,2.0,2464.0,41.06666666666667,0,0,False,False,False,False,False,False,False,False,False,False,False,34,tomeasure:2800:477,1164.467,789.09,476,9,63,2401.0,40.016666666666666,1.05,70.0,060-090,060-090,55.53333333333333,56.583333333333336,"(36, 60]","(60, 90]",Example111,Example12800,False
48,48,11,2815,True,2789.2800.2815,986.2235303736408,364.4649064075113,718,[],1,Example,1_siLUC1,3,2800.0,2789.0,2834.0,[],0,2.0,1631.0,27.183333333333334,0,0,False,False,False,False,False,False,False,False,False,False,False,52,tomeasure:2815:699,994.588,371.032,698,20,140,1491.0,24.85,2.3333333333333335,63.0,060-090,> 120 min,81.43333333333334,83.76666666666667,"(60, 84]","(120, 150]",Example111,Example12815,False
49,49,11,2834,True,2789.2800.2834,1278.4583700698493,863.3081204825133,698,[],1,Example,1_siLUC1,3,2800.0,2789.0,2815.0,[],0,2.0,1491.0,24.85,0,0,False,False,False,False,False,False,False,False,False,False,False,51,tomeasure:2834:688,1291.247,868.631,687,11,77,1414.0,23.566666666666666,1.2833333333333334,63.0,060-090,060-090,80.15,81.43333333333334,"(60, 84]","(60, 90]",Example111,Example12834,False
50,50,11,2855,True,2789.2855,622.1729455725041,533.7843362125923,593,[],1,Example,1_siLUC1,2,2789.0,,2800.0,[],0,2.0,3220.0,53.66666666666666,0,0,False,False,False,False,False,False,False,False,False,False,False,39,tomeasure:2855:585,619.201,530.95,584,9,63,3157.0,52.61666666666667,1.05,70.0,060-090,060-090,68.13333333333334,69.18333333333334,"(60, 84]","(60, 90]",Example111,Example12855,False
51,51,12,2872,True,2872,875.4615542695012,998.6531785648782,159,[],1,Example,1_siLUC1,1,,,,['2883'],1,,,,0,0,False,False,False,False,False,False,False,False,False,False,False,12,tomeasure:2872:152,883.55,990.428,151,8,56,,,0.9333333333333333,,,030-060,17.616666666666667,18.55,"(12, 36]","(30, 60]",Example112,Example12872,False
52,52,12,2883,True,2872.2883,863.3081204825135,1004.7298954583722,378,[],1,Example,1_siLUC1,2,2872.0,,,['2892'],1,1.0,1533.0,25.55,0,0,False,False,False,False,False,False,False,False,False,False,False,21,tomeasure:2883:372,864.899,1012.403,371,7,49,1484.0,24.733333333333334,0.8166666666666667,56.0,030-060,030-060,43.28333333333333,44.1,"(36, 60]","(30, 60]",Example112,Example12883,False
53,53,12,2892,True,2872.2883.2892,884.5766296097421,1361.8751201532657,575,[],1,Example,1_siLUC1,3,2883.0,2872.0,,['2905' '2914'],2,1.0,1379.0,22.98333333333333,0,0,False,False,False,False,False,False,False,False,False,False,False,38,tomeasure:2892:568,881.466,1372.866,567,8,56,1323.0,22.05,0.9333333333333333,49.0,030-060,030-060,66.15,67.08333333333333,"(60, 84]","(30, 60]",Example112,Example12892,False
54,54,12,2905,True,2872.2883.2892.2905,844.5255409935322,1606.324867914272,809,"['2907', '2909']",1,Example,1_siLUC1,4,2892.0,2883.0,2914.0,[],0,2.0,1638.0,27.3,0,0,False,False,False,False,False,False,False,False,True,False,True,62,tomeasure:2905:800,874.457,1564.844,799,10,70,1568.0,26.133333333333333,1.1666666666666667,56.0,030-060,060-090,93.21666666666667,94.38333333333334,nan,"(60, 90]",Example112,Example12905,False
55,55,12,2914,True,2872.2883.2892.2914,941.7530112894352,1196.4226920076808,816,[],1,Example,1_siLUC1,4,2892.0,2883.0,2905.0,[],0,2.0,1687.0,28.116666666666667,0,0,False,False,False,False,False,False,False,False,False,False,False,63,tomeasure:2914:802,944.449,1180.594,801,15,105,1582.0,26.366666666666667,1.75,56.0,030-060,090-120,93.45,95.2,nan,"(90, 120]",Example112,Example12914,False
56,56,13,2935,True,2935,669.1293942949571,703.9324092304224,238,[],1,Example,1_siLUC1,1,,,,['2948'],1,,,,0,0,False,False,False,False,False,False,False,False,False,False,False,16,tomeasure:2935:230,672.655,698.748,229,9,63,,,1.05,,,060-090,26.716666666666665,27.766666666666666,"(12, 36]","(60, 90]",Example113,Example12935,False
57,57,13,2948,True,2935.2948,372.75133853500296,614.7151566577614,794,[],1,Example,1_siLUC1,2,2935.0,,,[],0,1.0,3892.0,64.86666666666666,0,0,False,False,False,False,False,False,False,False,True,False,True,60,tomeasure:2948:779,382.222,617.965,778,16,112,3780.0,63.0,1.8666666666666667,63.0,060-090,090-120,90.76666666666667,92.63333333333334,nan,"(90, 120]",Example113,Example12948,False
58,58,14,2967,True,2967,1247.24614238963,838.1726096957884,236,[],1,Example,1_siLUC1,1,,,,[],0,,,,0,0,False,False,False,False,False,False,False,False,False,False,False,15,tomeasure:2967:227,1246.071,822.62,226,10,70,,,1.1666666666666667,,,060-090,26.366666666666667,27.533333333333335,"(12, 36]","(60, 90]",Example114,Example12967,False
59,59,15,2984,True,2984,708.9042685069174,996.7196777351302,160,[],1,Example,1_siLUC1,1,,,,['3001'],1,,,,0,0,False,False,False,False,False,False,False,False,False,False,False,13,tomeasure:2984:155,700.817,985.453,154,6,42,,,0.7,,,030-060,17.966666666666665,18.666666666666668,"(12, 36]","(30, 60]",Example115,Example12984,False
60,60,15,3001,True,2984.3001,715.5334142089108,1240.8932110918863,504,['3014'],1,Example,1_siLUC1,2,2984.0,,,['3028'],1,1.0,2408.0,40.13333333333333,0,0,False,False,False,False,False,False,False,False,False,False,False,35,tomeasure:3001:497,721.548,1239.857,496,8,56,2352.0,39.2,0.9333333333333333,42.0,030-060,030-060,57.86666666666667,58.8,"(36, 60]","(30, 60]",Example115,Example13001,False
61,61,15,3028,True,2984.3001.3028,742.3262114211342,1301.9365944310755,817,[],1,Example,1_siLUC1,3,3001.0,2984.0,,[],0,1.0,2191.0,36.516666666666666,0,0,False,False,False,False,False,False,False,False,True,False,True,66,tomeasure:3028:804,727.742,1306.568,803,14,98,2093.0,34.88333333333333,1.6333333333333333,56.0,030-060,090-120,93.68333333333334,95.31666666666666,nan,"(90, 120]",Example115,Example13028,False
62,62,17,3037,True,3037,916.89371490696,814.694385334562,143,[],1,Example,1_siLUC1,1,,,,['3046' '3085'],2,,,,0,0,False,False,False,False,False,False,False,False,False,False,False,11,tomeasure:3037:136,919.59,819.741,135,8,56,,,0.9333333333333333,,,030-060,15.75,16.683333333333334,"(12, 36]","(30, 60]",Example117,Example13037,False
63,63,17,3046,True,3037.3046,1173.2206820507042,925.7325758429512,378,[],1,Example,1_siLUC1,2,3037.0,,3085.0,['3055' '3070'],2,2.0,1645.0,27.416666666666668,0,0,False,False,False,False,False,False,False,False,False,False,False,20,tomeasure:3046:371,1174.397,936.585,370,8,56,1589.0,26.483333333333334,0.9333333333333333,56.0,030-060,030-060,43.166666666666664,44.1,"(36, 60]","(30, 60]",Example117,Example13046,False
64,64,17,3055,True,3037.3046.3055,1120.187516434757,985.3948871608916,651,[],1,Example,1_siLUC1,3,3046.0,3037.0,3070.0,[],0,2.0,1911.0,31.85,0,0,False,False,False,False,False,False,False,False,False,False,False,41,tomeasure:3055:643,1108.506,990.026,642,9,63,1848.0,30.8,1.05,56.0,030-060,060-090,74.9,75.95,"(60, 84]","(60, 90]",Example117,Example13055,False
65,65,17,3070,True,3037.3046.3070,1150.8473153064765,1199.7372648586777,669,[],1,Example,1_siLUC1,3,3046.0,3037.0,3055.0,[],0,2.0,2037.0,33.95,0,0,False,False,False,False,False,False,False,False,False,False,False,44,tomeasure:3070:660,1152.023,1217.503,659,10,70,1967.0,32.78333333333333,1.1666666666666667,56.0,030-060,060-090,76.88333333333334,78.05,"(60, 84]","(60, 90]",Example117,Example13070,False
66,66,17,3085,True,3037.3085,907.2262107582196,1264.095221048863,570,[],1,Example,1_siLUC1,2,3037.0,,3046.0,[],0,2.0,2989.0,49.81666666666667,0,0,False,False,False,False,False,False,False,False,False,False,False,37,tomeasure:3085:564,901.766,1264.718,563,7,49,2940.0,49.0,0.8166666666666667,56.0,030-060,030-060,65.68333333333334,66.5,"(60, 84]","(30, 60]",Example117,Example13085,False
67,67,0,2008,True,2008,1029.3129774365975,415.0121423852108,175,['2010'],2,Example,2_siHAUS6,1,,,,[],0,,,,0,0,False,False,False,False,False,False,True,False,False,False,True,16,tomeasure:2008:148,1001.189,417.431,147,28,196,,,3.2666666666666666,,,> 120 min,17.15,20.416666666666668,"(12, 36]","(180, 210]",Example20,Example22008,False
68,68,1,2035,True,2035,1038.1518383725888,475.7793113201501,165,['3052'],2,Example,2_siHAUS6,1,,,,[],0,,,,0,0,False,False,False,False,False,False,False,False,False,False,False,13,tomeasure:2035:143,1038.083,489.116,142,23,161,,,2.683333333333333,,,> 120 min,16.566666666666666,19.25,"(12, 36]","(150, 180]",Example21,Example22035,False
69,69,3,2079,True,2079,725.477132761901,481.3035994051447,224,['2083'],2,Example,2_siHAUS6,1,,,,[],0,,,,0,0,False,False,False,False,False,False,False,False,False,False,False,25,tomeasure:2079:166,756.366,503.624,165,59,413,,,6.883333333333334,,,> 120 min,19.25,26.133333333333333,"(12, 36]","(390, 420]",Example23,Example22079,False
70,70,4,2107,True,2107,777.405440760849,811.656026887815,159,[],2,Example,2_siHAUS6,1,,,,['2118' '2130'],2,,,,0,0,False,False,False,False,False,False,False,False,False,False,False,11,tomeasure:2107:150,770.841,799.011,149,10,70,,,1.1666666666666667,,,060-090,17.383333333333333,18.55,"(12, 36]","(60, 90]",Example24,Example22107,False
71,71,4,2118,True,2107.2118,606.15251012602,913.3029276517136,421,[],2,Example,2_siHAUS6,2,2107.0,,2130.0,[],0,2.0,1834.0,30.566666666666663,0,0,False,False,False,False,False,False,False,False,False,False,False,42,tomeasure:2118:389,637.456,885.179,388,33,231,1603.0,26.716666666666665,3.85,70.0,060-090,> 120 min,45.266666666666666,49.11666666666667,"(36, 60]","(210, 240]",Example24,Example22118,False
72,72,4,2130,True,2107.2130,953.0778018636738,359.769261535266,451,[],2,Example,2_siHAUS6,2,2107.0,,2118.0,['2138' '2150'],2,2.0,2044.0,34.06666666666667,0,0,False,False,False,False,False,False,False,False,False,False,False,45,tomeasure:2130:442,953.562,344.498,441,10,70,1974.0,32.9,1.1666666666666667,70.0,060-090,060-090,51.45,52.61666666666667,"(36, 60]","(60, 90]",Example24,Example22130,False
73,73,4,2138,True,2107.2130.2138,842.5920401637841,199.56490707042585,685,[],2,Example,2_siHAUS6,3,2130.0,2107.0,2150.0,[],0,2.0,1638.0,27.3,0,0,False,False,False,False,False,False,False,False,False,False,False,73,tomeasure:2138:675,851.645,211.864,674,11,77,1561.0,26.016666666666666,1.2833333333333334,70.0,060-090,060-090,78.63333333333334,79.91666666666667,"(60, 84]","(60, 90]",Example24,Example22138,False
74,74,4,2150,True,2107.2130.2150,930.9806495236958,423.851003321202,669,[],2,Example,2_siHAUS6,3,2130.0,2107.0,2138.0,[],0,2.0,1526.0,25.433333333333334,0,0,False,False,False,False,False,False,False,False,False,False,False,71,tomeasure:2150:660,917.506,434.424,659,10,70,1456.0,24.266666666666666,1.1666666666666667,70.0,060-090,060-090,76.88333333333334,78.05,"(60, 84]","(60, 90]",Example24,Example22150,False
75,75,5,2165,True,2165,859.1649044187675,765.2520069738613,307,[],2,Example,2_siHAUS6,1,,,,[],0,,,,0,0,False,False,False,False,False,False,False,False,False,False,False,30,tomeasure:2165:291,847.073,739.754,290,17,119,,,1.9833333333333334,,,090-120,33.833333333333336,35.81666666666667,"(12, 36]","(90, 120]",Example25,Example22165,False
76,76,6,2181,True,2181,461.4161622991645,273.590367409352,224,[],2,Example,2_siHAUS6,1,,,,['2190'],1,,,,0,0,False,False,False,False,False,False,False,False,False,False,False,24,tomeasure:2181:208,474.615,292.297,207,17,119,,,1.9833333333333334,,,090-120,24.15,26.133333333333333,"(12, 36]","(90, 120]",Example26,Example22181,False
77,77,6,2190,True,2181.2190,527.7076193190984,10.634254563614387,720,"['2192', '2194']",2,Example,2_siHAUS6,2,2181.0,,,[],0,1.0,3472.0,57.86666666666667,0,2,False,False,False,False,False,False,False,False,False,False,False,77,tomeasure:2190:711,322.342,923.523,710,10,70,3402.0,56.7,1.1666666666666667,119.0,090-120,060-090,82.83333333333333,84.0,"(60, 84]","(60, 90]",Example26,Example22190,False
78,78,7,2204,True,2204,1072.4024244995546,895.625205779731,168,[],2,Example,2_siHAUS6,1,,,,['2212' '2225'],2,,,,0,0,False,False,False,False,False,False,False,False,False,False,False,14,tomeasure:2204:159,1097.763,903.849,158,10,70,,,1.1666666666666667,,,060-090,18.433333333333334,19.6,"(12, 36]","(60, 90]",Example27,Example22204,False
79,79,7,2212,True,2204.2212,1128.7501629664985,896.7300633967301,537,[],2,Example,2_siHAUS6,2,2204.0,,2225.0,[],0,2.0,2583.0,43.05,0,0,False,False,False,False,False,False,False,False,False,False,False,56,tomeasure:2212:529,1144.16,891.824,528,9,63,2520.0,42.0,1.05,70.0,060-090,060-090,61.6,62.65,"(60, 84]","(60, 90]",Example27,Example22212,False
80,80,7,2225,True,2204.2225,1063.5635635635635,916.6175005027102,508,[],2,Example,2_siHAUS6,2,2204.0,,2212.0,[],0,2.0,2380.0,39.66666666666666,0,0,False,False,False,False,False,False,False,False,False,False,False,53,tomeasure:2225:501,1050.919,924.565,500,8,56,2324.0,38.733333333333334,0.9333333333333333,70.0,060-090,030-060,58.333333333333336,59.266666666666666,"(36, 60]","(30, 60]",Example27,Example22225,False
81,81,8,2244,True,2244,236.02520843138944,788.4540169308381,187,['2253'],2,Example,2_siHAUS6,1,,,,['2256'],1,,,,0,1,False,False,False,False,False,False,False,False,False,False,False,17,tomeasure:2244:177,245.032,801.515,176,11,77,,,1.2833333333333334,,,060-090,20.533333333333335,21.816666666666666,"(12, 36]","(60, 90]",Example28,Example22244,False
82,82,8,2256,True,2244.2256,574.1116392330521,725.477132761901,475,['2264'],2,Example,2_siHAUS6,2,2244.0,,,[],0,1.0,2016.0,33.6,0,1,False,False,False,False,False,False,False,False,False,False,False,46,tomeasure:2256:463,594.774,729.416,462,13,91,1925.0,32.083333333333336,1.5166666666666666,77.0,060-090,090-120,53.9,55.416666666666664,"(36, 60]","(90, 120]",Example28,Example22256,False
83,83,9,2272,True,2272,1351.9314016002756,791.7685897818347,95,"['2280', '2282']",2,Example,2_siHAUS6,1,,,,[],0,,,,0,2,False,False,False,False,False,False,False,False,False,False,False,7,tomeasure:2272:89,1355.484,778.294,88,7,49,,,0.8166666666666667,,,030-060,10.266666666666667,11.083333333333334,nan,"(30, 60]",Example29,Example22272,False
84,84,10,2287,True,2287,444.843298044181,558.6436325950674,171,[],2,Example,2_siHAUS6,1,,,,['2296' '2306'],2,,,,0,0,False,False,False,False,False,False,False,False,False,False,False,15,tomeasure:2287:168,452.238,553.323,167,4,28,,,0.4666666666666667,,,000-030 min,19.483333333333334,19.95,"(12, 36]","(0, 30]",Example210,Example22287,False
85,85,10,2296,True,2287.2296,755.3082884208711,358.664403918267,597,['2298'],2,Example,2_siHAUS6,2,2287.0,,2306.0,[],0,2.0,2982.0,49.7,0,0,False,True,False,False,False,False,False,False,False,False,True,63,tomeasure:2296:512,770.027,324.598,511,86,602,2380.0,39.666666666666664,10.033333333333333,28.0,000-030 min,> 120 min,59.61666666666667,69.65,"(36, 60]","(600, 630]",Example210,Example22296,False
86,86,10,2306,True,2287.2306,522.1833312341038,567.4824935310586,602,"['2308', '2310']",2,Example,2_siHAUS6,2,2287.0,,2296.0,[],0,2.0,3017.0,50.28333333333333,0,0,False,False,False,False,False,False,False,False,False,True,True,65,tomeasure:2306:422,584.029,462.934,421,181,1267,1750.0,29.166666666666668,21.116666666666667,28.0,000-030 min,> 120 min,49.11666666666667,70.23333333333333,"(36, 60]",nan,Example210,Example22306,False
87,87,11,2317,True,2317,985.1186727566418,722.1625599109043,358,[],2,Example,2_siHAUS6,1,,,,[],0,,,,0,0,False,False,False,False,False,False,False,False,False,False,False,33,tomeasure:2317:334,991.684,715.737,333,25,175,,,2.9166666666666665,,,> 120 min,38.85,41.766666666666666,"(36, 60]","(150, 180]",Example211,Example22317,False
88,88,12,2333,True,2333,503.4007517451226,606.15251012602,283,[],2,Example,2_siHAUS6,1,,,,['2340'],1,,,,0,0,False,False,False,False,False,True,False,False,False,False,True,28,tomeasure:2333:240,424.834,627.091,239,44,308,,,5.133333333333334,,,> 120 min,27.883333333333333,33.016666666666666,"(12, 36]","(300, 330]",Example212,Example22333,False
89,89,12,2340,True,2333.2340,538.7561954890873,578.5310697010476,567,"['2342', '2344']",2,Example,2_siHAUS6,2,2333.0,,,[],0,1.0,1988.0,33.13333333333333,2,0,False,False,False,True,False,False,False,False,False,False,True,61,tomeasure:2340:415,578.213,462.926,414,153,1071,917.0,15.283333333333333,17.85,308.0,> 120 min,> 120 min,48.3,66.15,"(36, 60]",nan,Example212,Example22340,True
90,90,13,2353,True,2353,859.1649044187675,800.6074507178259,359,[],2,Example,2_siHAUS6,1,,,,[],0,,,,0,0,False,False,False,False,False,False,False,False,False,False,False,34,tomeasure:2353:349,854.536,777.459,348,11,77,,,1.2833333333333334,,,060-090,40.6,41.88333333333333,"(36, 60]","(60, 90]",Example213,Example22353,False
91,91,14,2370,True,2370,817.1803149728094,519.9736160001061,84,[],2,Example,2_siHAUS6,1,,,,['2377' '2390'],2,,,,0,0,False,False,False,False,False,False,False,False,False,False,False,6,tomeasure:2370:76,805.226,496.549,75,9,63,,,1.05,,,060-090,8.75,9.8,nan,"(60, 90]",Example214,Example22370,False
92,92,14,2377,True,2370.2377,980.6992422886462,303.4215230683222,318,['2384'],2,Example,2_siHAUS6,2,2370.0,,2390.0,[],0,2.0,1638.0,27.3,0,1,True,False,False,False,True,False,False,False,False,False,True,31,tomeasure:2377:305,957.275,277.371,304,14,98,1540.0,25.666666666666668,1.6333333333333333,63.0,060-090,090-120,35.46666666666667,37.1,"(12, 36]","(90, 120]",Example214,Example22377,False
93,93,14,2390,True,2370.2390,721.0577022939053,442.6335828101832,323,[],2,Example,2_siHAUS6,2,2370.0,,2377.0,[],0,2.0,1673.0,27.883333333333333,0,0,False,False,False,True,False,False,False,False,False,False,True,32,tomeasure:2390:311,727.346,435.24,310,13,91,1582.0,26.366666666666667,1.5166666666666666,63.0,060-090,090-120,36.166666666666664,37.68333333333333,"(36, 60]","(90, 120]",Example214,Example22390,False
94,94,15,2407,True,2407,906.67378194972,273.590367409352,155,[],2,Example,2_siHAUS6,1,,,,['2415' '2429'],2,,,,0,0,False,False,False,False,False,False,False,False,False,False,False,10,tomeasure:2407:149,905.085,267.836,148,7,49,,,0.8166666666666667,,,030-060,17.266666666666666,18.083333333333332,"(12, 36]","(30, 60]",Example215,Example22407,False
95,95,15,2415,True,2407.2415,1081.2412854355457,433.794721874192,430,[],2,Example,2_siHAUS6,2,2407.0,,2429.0,[],0,2.0,1925.0,32.083333333333336,0,0,False,False,False,False,False,False,False,False,False,False,False,43,tomeasure:2415:415,1079.1,409.126,414,16,112,1813.0,30.216666666666665,1.8666666666666667,49.0,030-060,090-120,48.3,50.166666666666664,"(36, 60]","(90, 120]",Example215,Example22415,False
96,96,15,2429,True,2407.2429,1065.7732787975613,325.5186754083001,396,['2437'],2,Example,2_siHAUS6,2,2407.0,,2415.0,['2440'],1,2.0,1687.0,28.116666666666667,0,1,False,False,False,False,False,False,False,False,False,False,False,40,tomeasure:2429:385,1060.038,310.525,384,12,84,1603.0,26.716666666666665,1.4,49.0,030-060,060-090,44.8,46.2,"(36, 60]","(60, 90]",Example215,Example22429,False
97,97,15,2440,True,2407.2429.2440,1408.2791400672195,450.3675861291755,765,[],2,Example,2_siHAUS6,3,2429.0,2407.0,,[],0,1.0,2583.0,43.05,0,0,False,False,False,False,False,False,False,False,False,False,False,82,tomeasure:2440:755,1407.31,444.356,754,11,77,2506.0,41.766666666666666,1.2833333333333334,84.0,060-090,060-090,87.96666666666667,89.25,nan,"(60, 90]",Example215,Example22440,False
98,98,16,2456,True,2456,704.4848380389218,721.0577022939053,4,[],2,Example,2_siHAUS6,1,,,,['2463' '2520'],2,,,,0,0,False,False,False,False,False,False,False,False,False,False,False,1,tomeasure:2456:1,702.481,722.786,0,4,28,,,0.4666666666666667,,,000-030 min,0.0,0.4666666666666667,nan,"(0, 30]",Example216,Example22456,False
99,99,16,2463,True,2456.2463,574.1116392330521,546.4901988080795,220,[],2,Example,2_siHAUS6,2,2456.0,,2520.0,['2471' '2485'],2,2.0,1512.0,25.2,0,0,False,False,False,False,False,False,False,False,False,False,False,22,tomeasure:2463:212,574.043,526.797,211,9,63,1449.0,24.15,1.05,28.0,000-030 min,060-090,24.616666666666667,25.666666666666668,"(12, 36]","(60, 90]",Example216,Example22463,False
100,100,16,2471,True,2456.2463.2471,765.2520069738613,819.3900302068072,681,[],2,Example,2_siHAUS6,3,2463.0,2456.0,2485.0,[],0,2.0,3227.0,53.78333333333333,0,0,False,False,False,False,False,False,False,False,False,False,False,72,tomeasure:2471:670,748.046,818.907,669,12,84,3143.0,52.38333333333333,1.4,63.0,060-090,060-090,78.05,79.45,"(60, 84]","(60, 90]",Example216,Example22471,False
101,101,16,2485,True,2456.2463.2485,441.5287251931844,749.7840003358767,516,[],2,Example,2_siHAUS6,3,2463.0,2456.0,2471.0,['2494' '2507'],2,2.0,2072.0,34.53333333333333,0,0,False,False,False,False,False,False,False,False,False,False,False,55,tomeasure:2485:509,468.41,755.106,508,8,56,2016.0,33.6,0.9333333333333333,63.0,060-090,030-060,59.266666666666666,60.2,"(36, 60]","(30, 60]",Example216,Example22485,False
102,102,16,2494,True,2456.2463.2485.2494,324.4138177913012,919.9320733537068,718,[],2,Example,2_siHAUS6,4,2485.0,2463.0,2507.0,[],0,2.0,1414.0,23.566666666666663,0,0,False,False,False,False,False,False,False,False,False,False,False,76,tomeasure:2494:710,336.231,913.782,709,9,63,1351.0,22.516666666666666,1.05,56.0,030-060,060-090,82.71666666666667,83.76666666666667,"(60, 84]","(60, 90]",Example216,Example22494,False
103,103,16,2507,True,2456.2463.2485.2507,394.01984766223177,757.518003654869,744,[],2,Example,2_siHAUS6,4,2485.0,2463.0,2494.0,[],0,2.0,1596.0,26.6,0,0,False,False,False,False,False,False,False,False,False,False,False,79,tomeasure:2507:736,405.837,749.295,735,9,63,1533.0,25.55,1.05,56.0,030-060,060-090,85.75,86.8,nan,"(60, 90]",Example216,Example22507,False
104,104,16,2520,True,2456.2520,740.9451393998854,146.53174145447875,379,[],2,Example,2_siHAUS6,2,2456.0,,2463.0,['2528'],1,2.0,2625.0,43.75,0,0,False,False,False,False,False,False,False,False,False,False,False,36,tomeasure:2520:371,742.258,144.698,370,9,63,2562.0,42.7,1.05,28.0,000-030 min,060-090,43.166666666666664,44.21666666666667,"(36, 60]","(60, 90]",Example216,Example22520,False
105,105,16,2528,True,2456.2520.2528,749.7840003358767,222.76691702740263,578,[],2,Example,2_siHAUS6,3,2520.0,2456.0,,['2539'],1,1.0,1393.0,23.216666666666665,0,0,False,False,False,False,False,False,False,False,False,False,False,62,tomeasure:2528:569,762.568,203.157,568,10,70,1323.0,22.05,1.1666666666666667,63.0,060-090,060-090,66.26666666666667,67.43333333333334,"(60, 84]","(60, 90]",Example216,Example22528,False
106,106,16,2539,True,2456.2520.2528.2539,764.1471493568623,391.81013242823394,807,[],2,Example,2_siHAUS6,4,2528.0,2520.0,,[],0,1.0,1603.0,26.716666666666665,0,0,False,False,False,False,False,False,False,False,False,False,False,86,tomeasure:2539:800,772.509,389.669,799,8,56,1547.0,25.783333333333335,0.9333333333333333,70.0,060-090,030-060,93.21666666666667,94.15,nan,"(30, 60]",Example216,Example22539,False
107,107,20,2600,True,2600,1076.8218549675505,705.5896956559208,46,[],2,Example,2_siHAUS6,1,,,,['2621' '2629'],2,,,,0,0,False,False,False,False,False,False,False,False,False,False,False,5,tomeasure:2600:38,1077.859,729.845,37,9,63,,,1.05,,,060-090,4.316666666666666,5.366666666666666,nan,"(60, 90]",Example220,Example22600,False
108,108,20,2621,True,2600.2621,1132.0647358174951,535.4416226380906,494,[],2,Example,2_siHAUS6,2,2600.0,,2629.0,[],0,2.0,3136.0,52.266666666666666,0,0,False,True,False,False,False,False,False,False,False,False,True,49,tomeasure:2621:457,1116.794,536.34,456,38,266,2870.0,47.833333333333336,4.433333333333334,63.0,060-090,> 120 min,53.2,57.63333333333333,"(36, 60]","(240, 270]",Example220,Example22621,False
109,109,20,2629,True,2600.2629,1038.1518383725888,722.1625599109043,195,[],2,Example,2_siHAUS6,2,2600.0,,2621.0,['2659'],1,2.0,1043.0,17.383333333333333,0,0,False,False,False,False,False,False,False,False,False,False,False,18,tomeasure:2629:184,1024.401,673.447,183,12,84,959.0,15.983333333333333,1.4,63.0,060-090,060-090,21.35,22.75,"(12, 36]","(60, 90]",Example220,Example22629,False
110,110,20,2659,True,2600.2629.2659,1526.4989050861016,637.0885234019892,565,[],2,Example,2_siHAUS6,3,2629.0,2600.0,,[],0,1.0,2590.0,43.16666666666666,0,0,False,False,False,False,False,False,False,False,False,False,False,60,tomeasure:2659:550,1513.864,641.995,549,16,112,2478.0,41.3,1.8666666666666667,84.0,060-090,090-120,64.05,65.91666666666667,"(60, 84]","(90, 120]",Example220,Example22659,False
111,111,25,2679,True,2679,883.4717719927434,355.3498310672703,30,[],2,Example,2_siHAUS6,1,,,,['2687' '2696'],2,,,,0,0,False,False,False,False,False,False,False,False,False,False,False,3,tomeasure:2679:23,859.909,319.625,22,8,56,,,0.9333333333333333,,,030-060,2.566666666666667,3.5,nan,"(30, 60]",Example225,Example22679,False
112,112,25,2687,True,2679.2687,858.0600468017686,426.0607185551997,236,[],2,Example,2_siHAUS6,2,2679.0,,2696.0,['2724' '2732'],2,2.0,1442.0,24.03333333333333,0,0,False,False,False,False,False,False,False,False,False,False,False,26,tomeasure:2687:228,859.926,448.104,227,9,63,1379.0,22.983333333333334,1.05,56.0,030-060,060-090,26.483333333333334,27.533333333333335,"(12, 36]","(60, 90]",Example225,Example22687,False
113,113,25,2696,True,2679.2696,1207.19505377342,536.5464802550895,395,['2782'],2,Example,2_siHAUS6,2,2679.0,,2687.0,['2706'],1,2.0,2555.0,42.583333333333336,0,1,False,False,False,False,False,False,False,False,False,False,False,39,tomeasure:2696:379,1190.128,545.461,378,17,119,2436.0,40.6,1.9833333333333334,56.0,030-060,090-120,44.1,46.083333333333336,"(36, 60]","(90, 120]",Example225,Example22696,False
114,114,25,2706,True,2679.2696.2706,1164.105606710463,391.81013242823394,725,[],2,Example,2_siHAUS6,3,2696.0,2679.0,,[],0,1.0,2310.0,38.5,0,0,False,False,False,False,False,False,False,False,False,False,False,78,tomeasure:2706:714,1159.891,383.45,713,12,84,2226.0,37.1,1.4,119.0,090-120,060-090,83.18333333333334,84.58333333333333,"(60, 84]","(60, 90]",Example225,Example22706,False
115,115,25,2724,True,2679.2687.2724,1124.3307324985028,323.30896017430234,509,[],2,Example,2_siHAUS6,3,2687.0,2679.0,2732.0,['2759'],1,2.0,1911.0,31.85,0,0,False,False,False,True,False,False,False,False,False,False,True,54,tomeasure:2724:494,1093.167,319.232,493,16,112,1799.0,29.983333333333334,1.8666666666666667,63.0,060-090,090-120,57.516666666666666,59.38333333333333,"(36, 60]","(90, 120]",Example225,Example22724,False
116,116,25,2732,True,2679.2687.2732,558.6436325950674,321.0992449403045,498,[],2,Example,2_siHAUS6,3,2687.0,2679.0,2724.0,['2741'],1,2.0,1834.0,30.566666666666663,0,0,False,False,False,False,False,False,False,False,False,False,False,50,tomeasure:2732:484,546.275,315.088,483,15,105,1729.0,28.816666666666666,1.75,63.0,060-090,090-120,56.35,58.1,"(36, 60]","(90, 120]",Example225,Example22732,False
117,117,25,2741,True,2679.2687.2732.2741,631.5642353169947,102.33743677452286,754,[],2,Example,2_siHAUS6,4,2732.0,2687.0,,[],0,1.0,1792.0,29.866666666666667,0,0,False,False,False,False,False,False,False,False,False,False,False,80,tomeasure:2741:738,620.439,114.017,737,17,119,1673.0,27.883333333333333,1.9833333333333334,105.0,090-120,090-120,85.98333333333333,87.96666666666667,nan,"(90, 120]",Example225,Example22741,False
118,118,25,2759,True,2679.2687.2724.2759,858.0600468017686,243.75921175038167,767,[],2,Example,2_siHAUS6,4,2724.0,2687.0,,[],0,1.0,1806.0,30.1,0,0,False,False,False,False,False,False,False,False,False,False,False,83,tomeasure:2759:754,868.633,246.691,753,14,98,1708.0,28.466666666666665,1.6333333333333333,112.0,090-120,090-120,87.85,89.48333333333333,nan,"(90, 120]",Example225,Example22759,False
119,119,27,3066,True,3066,807.0864707283492,704.9179253567303,107,[],2,Example,2_siHAUS6,1,,,,['3074' '3103'],2,,,,0,0,False,False,False,False,False,False,False,False,False,False,False,8,tomeasure:3066:99,797.356,709.944,98,9,63,,,1.05,,,060-090,11.433333333333334,12.483333333333333,nan,"(60, 90]",Example227,Example23066,False
120,120,27,3074,True,3066.3074,911.7169087595254,723.3821203034083,537,[],2,Example,2_siHAUS6,2,3066.0,,3103.0,['3082' '3095'],2,2.0,3010.0,50.16666666666666,0,0,False,False,False,False,False,False,False,False,False,False,False,57,tomeasure:3074:530,926.226,728.174,529,8,56,2954.0,49.233333333333334,0.9333333333333333,63.0,060-090,030-060,61.71666666666667,62.65,"(60, 84]","(30, 60]",Example227,Example23074,False
121,121,27,3082,True,3066.3074.3082,930.1811037062035,916.6406940786396,803,[],2,Example,2_siHAUS6,3,3074.0,3066.0,3095.0,[],0,2.0,1862.0,31.03333333333333,0,0,False,False,False,False,False,False,False,False,False,False,False,85,tomeasure:3082:794,930.36,909.639,793,10,70,1792.0,29.866666666666667,1.1666666666666667,56.0,030-060,060-090,92.51666666666667,93.68333333333334,nan,"(60, 90]",Example227,Example23082,False
122,122,27,3095,True,3066.3074.3095,926.83743345995,613.8865134450124,627,"['3097', '3099']",2,Example,2_siHAUS6,3,3074.0,3066.0,3082.0,[],0,2.0,630.0,10.5,0,0,False,False,False,False,False,False,False,False,False,True,True,67,tomeasure:3095:595,904.242,621.281,594,33,231,399.0,6.65,3.85,56.0,030-060,> 120 min,69.3,73.15,"(60, 84]","(210, 240]",Example227,Example23095,False
123,123,27,3103,True,3066.3103,702.5513372091739,442.6335828101832,599,[],2,Example,2_siHAUS6,2,3066.0,,3074.0,[],0,2.0,3444.0,57.4,0,0,False,False,False,False,False,False,False,False,False,False,False,64,tomeasure:3103:590,707.044,437.728,589,10,70,3374.0,56.233333333333334,1.1666666666666667,63.0,060-090,060-090,68.71666666666667,69.88333333333334,"(60, 84]","(60, 90]",Example227,Example23103,False
124,124,28,3119,True,3119,879.3285559289973,643.7176691039825,163,[],2,Example,2_siHAUS6,1,,,,['3126'],1,,,,0,0,False,False,False,False,False,False,False,False,False,False,False,12,tomeasure:3119:156,893.08,646.552,155,8,56,,,0.9333333333333333,,,030-060,18.083333333333332,19.016666666666666,"(12, 36]","(30, 60]",Example228,Example23119,False
125,125,28,3126,True,3119.3126,626.31616163625,1112.177298711515,404,[],2,Example,2_siHAUS6,2,3119.0,,,['3134'],1,1.0,1687.0,28.116666666666667,0,0,False,False,False,False,False,False,False,False,False,False,False,41,tomeasure:3126:397,646.978,1106.442,396,8,56,1631.0,27.183333333333334,0.9333333333333333,56.0,030-060,030-060,46.2,47.13333333333333,"(36, 60]","(30, 60]",Example228,Example23126,False
126,126,28,3134,True,3119.3126.3134,1032.903764691844,847.0114706317796,625,[],2,Example,2_siHAUS6,3,3126.0,3119.0,,[],0,1.0,1547.0,25.78333333333333,0,0,False,False,False,False,False,False,False,False,False,False,False,66,tomeasure:3134:616,1040.16,828.009,615,10,70,1477.0,24.616666666666667,1.1666666666666667,56.0,030-060,060-090,71.75,72.91666666666667,"(60, 84]","(60, 90]",Example228,Example23134,False
127,127,30,3153,True,3153,1220.7295595816568,823.8094606748027,152,[],2,Example,2_siHAUS6,1,,,,['3161' '3180'],2,,,,0,0,False,False,False,False,False,False,False,False,False,False,False,9,tomeasure:3153:144,1225.774,822.635,143,9,63,,,1.05,,,060-090,16.683333333333334,17.733333333333334,"(12, 36]","(60, 90]",Example230,Example23153,False
128,128,30,3161,True,3153.3161,1271.553009963606,777.405440760849,476,[],2,Example,2_siHAUS6,2,3153.0,,3180.0,['3169'],1,2.0,2268.0,37.8,0,0,False,False,False,False,False,False,False,False,False,False,False,47,tomeasure:3161:467,1275.078,782.036,466,10,70,2198.0,36.63333333333333,1.1666666666666667,63.0,060-090,060-090,54.36666666666667,55.53333333333333,"(36, 60]","(60, 90]",Example230,Example23161,False
129,129,30,3169,True,3153.3161.3169,1395.2970630674824,732.1062784638943,817,[],2,Example,2_siHAUS6,3,3161.0,3153.0,,[],0,1.0,2387.0,39.78333333333333,0,0,False,False,False,False,False,False,False,False,True,False,True,87,tomeasure:3169:813,1401.92,719.461,812,5,35,2352.0,39.2,0.5833333333333334,70.0,060-090,030-060,94.73333333333333,95.31666666666666,nan,"(30, 60]",Example230,Example23169,False
130,130,30,3180,True,3153.3180,1125.7118045197517,725.477132761901,502,[],2,Example,2_siHAUS6,2,3153.0,,3161.0,['3190'],1,2.0,2450.0,40.833333333333336,0,0,False,False,False,False,False,False,False,False,False,False,False,52,tomeasure:3180:495,1114.725,719.881,494,8,56,2394.0,39.9,0.9333333333333333,63.0,060-090,030-060,57.63333333333333,58.56666666666667,"(36, 60]","(30, 60]",Example230,Example23180,False
131,131,30,3190,True,3153.3180.3190,961.088019586916,529.9173345530961,757,[],2,Example,2_siHAUS6,3,3180.0,3153.0,,[],0,1.0,1785.0,29.75,0,0,False,False,False,False,False,False,False,False,False,False,False,81,tomeasure:3190:748,961.02,537.173,747,10,70,1715.0,28.583333333333332,1.1666666666666667,56.0,030-060,060-090,87.15,88.31666666666666,nan,"(60, 90]",Example230,Example23190,False
132,132,31,3207,True,3207,721.3339166981551,725.477132761901,212,[],2,Example,2_siHAUS6,1,,,,['3215' '3228'],2,,,,0,0,False,False,False,False,False,False,False,False,False,False,False,21,tomeasure:3207:203,722.371,718.637,202,10,70,,,1.1666666666666667,,,060-090,23.566666666666666,24.733333333333334,"(12, 36]","(60, 90]",Example231,Example23207,False
133,133,31,3215,True,3207.3215,710.2853405281661,641.5079538699847,384,[],2,Example,2_siHAUS6,2,3207.0,,3228.0,[],0,2.0,1204.0,20.066666666666663,0,0,False,False,False,False,False,False,False,False,False,False,False,38,tomeasure:3215:371,707.867,654.43,370,14,98,1106.0,18.433333333333334,1.6333333333333333,70.0,060-090,090-120,43.166666666666664,44.8,"(36, 60]","(90, 120]",Example231,Example23215,False
134,134,31,3228,True,3207.3228,750.0602147401264,694.5411194859317,436,[],2,Example,2_siHAUS6,2,3207.0,,3215.0,['3235'],1,2.0,1568.0,26.133333333333333,0,0,False,False,False,False,False,False,False,False,False,False,False,44,tomeasure:3228:425,749.3,684.66,424,12,84,1484.0,24.733333333333334,1.4,70.0,060-090,060-090,49.46666666666667,50.86666666666667,"(36, 60]","(60, 90]",Example231,Example23228,False
135,135,31,3235,True,3207.3228.3235,666.0910358482103,805.0268811858215,706,[],2,Example,2_siHAUS6,3,3228.0,3207.0,,[],0,1.0,1890.0,31.5,0,0,False,False,False,False,False,False,False,False,False,False,False,74,tomeasure:3235:694,663.12,777.456,693,13,91,1799.0,29.983333333333334,1.5166666666666666,84.0,060-090,090-120,80.85,82.36666666666666,"(60, 84]","(90, 120]",Example231,Example23235,False
136,136,32,3252,True,3252,753.3747875911231,964.1263780336628,37,[],2,Example,2_siHAUS6,1,,,,['3259' '3289'],2,,,,0,0,False,False,False,False,False,False,False,False,False,False,False,4,tomeasure:3252:31,771.687,961.847,30,7,49,,,0.8166666666666667,,,030-060,3.5,4.316666666666666,nan,"(30, 60]",Example232,Example23252,False
137,137,32,3259,True,3252.3259,800.8836651220756,845.9066130147808,253,[],2,Example,2_siHAUS6,2,3252.0,,3289.0,['3266' '3279'],2,2.0,1512.0,25.2,0,0,False,False,False,False,False,False,False,False,False,False,False,27,tomeasure:3259:246,799.848,848.741,245,8,56,1456.0,24.266666666666666,0.9333333333333333,49.0,030-060,030-060,28.583333333333332,29.516666666666666,"(12, 36]","(30, 60]",Example232,Example23259,False
138,138,32,3266,True,3252.3259.3266,595.3801483602808,479.0938841711468,500,[],2,Example,2_siHAUS6,3,3259.0,3252.0,3279.0,[],0,2.0,1729.0,28.816666666666663,0,0,False,False,False,False,False,False,False,False,False,False,False,51,tomeasure:3266:487,605.953,479.163,486,14,98,1631.0,27.183333333333334,1.6333333333333333,56.0,030-060,090-120,56.7,58.333333333333336,"(36, 60]","(90, 120]",Example232,Example23266,False
139,139,32,3279,True,3252.3259.3279,697.0270491241793,812.7608845048138,635,['3281'],2,Example,2_siHAUS6,3,3259.0,3252.0,3266.0,[],0,2.0,2674.0,44.56666666666667,0,0,False,True,False,False,False,False,False,False,False,False,True,69,tomeasure:3279:580,688.804,762.94,579,56,392,2282.0,38.03333333333333,6.533333333333333,56.0,030-060,> 120 min,67.55,74.08333333333333,"(60, 84]","(390, 420]",Example232,Example23279,False
140,140,32,3289,True,3252.3289,425.2320753424506,940.924368076686,302,['3304'],2,Example,2_siHAUS6,2,3252.0,,3259.0,['3296'],1,2.0,1855.0,30.916666666666668,0,0,False,False,False,False,False,False,False,False,False,False,False,29,tomeasure:3289:295,443.959,936.157,294,8,56,1799.0,29.983333333333334,0.9333333333333333,49.0,030-060,030-060,34.3,35.233333333333334,"(12, 36]","(30, 60]",Example232,Example23289,False
141,141,32,3296,True,3252.3289.3296,698.1319067411782,731.0014208468954,802,"['3298', '3300']",2,Example,2_siHAUS6,3,3289.0,3252.0,,[],0,1.0,3500.0,58.333333333333336,0,0,False,False,False,False,False,False,False,False,False,True,True,84,tomeasure:3296:705,702.071,701.634,704,98,686,2814.0,46.9,11.433333333333334,56.0,030-060,> 120 min,82.13333333333334,93.56666666666666,"(60, 84]","(660, 690]",Example232,Example23296,False
142,142,33,3309,True,3309,864.9654069080118,619.4108015300068,25,[],2,Example,2_siHAUS6,1,,,,['3318' '3345'],2,,,,0,0,False,False,False,False,False,False,False,False,False,False,False,2,tomeasure:3309:20,870.702,620.862,19,6,42,,,0.7,,,030-060,2.216666666666667,2.9166666666666665,nan,"(30, 60]",Example233,Example23309,False
143,143,33,3318,True,3309.3318,818.561386994058,918.827215736708,197,[],2,Example,2_siHAUS6,2,3309.0,,3345.0,['3324' '3336'],2,2.0,1204.0,20.066666666666663,0,0,False,False,False,False,False,False,False,False,False,False,False,19,tomeasure:3318:188,805.226,941.148,187,10,70,1134.0,18.9,1.1666666666666667,42.0,030-060,060-090,21.816666666666666,22.983333333333334,"(12, 36]","(60, 90]",Example233,Example23318,False
144,144,33,3324,True,3309.3318.3324,773.2622246971032,1092.289861605535,484,[],2,Example,2_siHAUS6,3,3318.0,3309.0,3336.0,[],0,2.0,2009.0,33.483333333333334,0,0,False,False,False,False,False,False,False,False,False,False,False,48,tomeasure:3324:468,768.771,1105.627,467,17,119,1890.0,31.5,1.9833333333333334,70.0,060-090,090-120,54.483333333333334,56.46666666666667,"(36, 60]","(90, 120]",Example233,Example23324,False
145,145,33,3336,True,3309.3318.3336,495.94296283038,1144.218169604483,546,"['3338', '3340']",2,Example,2_siHAUS6,3,3318.0,3309.0,3324.0,[],0,2.0,2443.0,40.71666666666667,0,0,False,False,False,False,False,False,False,False,False,True,True,59,tomeasure:3336:515,504.443,1143.321,514,32,224,2219.0,36.983333333333334,3.7333333333333334,70.0,060-090,> 120 min,59.96666666666667,63.7,"(36, 60]","(210, 240]",Example233,Example23336,False
146,146,33,3345,True,3309.3345,1016.3309004368606,588.4747882540377,224,['3352'],2,Example,2_siHAUS6,2,3309.0,,3318.0,['3354'],1,2.0,1393.0,23.216666666666665,0,1,False,False,False,False,False,False,False,False,False,False,False,23,tomeasure:3345:210,1023.587,590.203,209,15,105,1288.0,21.466666666666665,1.75,42.0,030-060,090-120,24.383333333333333,26.133333333333333,"(12, 36]","(90, 120]",Example233,Example23345,False
147,147,33,3354,True,3309.3345.3354,998.6531785648782,458.10158944816783,539,[],2,Example,2_siHAUS6,3,3345.0,3309.0,,[],0,1.0,2205.0,36.75,0,0,False,False,False,False,False,False,False,False,False,False,False,58,tomeasure:3354:523,1004.942,446.424,522,17,119,2086.0,34.766666666666666,1.9833333333333334,105.0,090-120,090-120,60.9,62.88333333333333,"(60, 84]","(90, 120]",Example233,Example23354,False
148,148,34,3369,True,3369,1080.4126422227966,679.0731128479473,206,[],2,Example,2_siHAUS6,1,,,,['3377' '3397'],2,,,,0,0,False,False,False,False,False,False,False,False,False,False,False,20,tomeasure:3369:198,1078.271,682.183,197,9,63,,,1.05,,,060-090,22.983333333333334,24.033333333333335,"(12, 36]","(60, 90]",Example234,Example23369,False
149,149,34,3377,True,3369.3377,1022.960046138854,729.8965632298965,375,[],2,Example,2_siHAUS6,2,3369.0,,3397.0,['3384'],1,2.0,1183.0,19.716666666666665,0,0,False,False,False,False,False,False,False,False,False,False,False,35,tomeasure:3377:369,1023.583,730.243,368,7,49,1134.0,18.9,0.8166666666666667,63.0,060-090,030-060,42.93333333333333,43.75,"(36, 60]","(30, 60]",Example234,Example23377,False
150,150,34,3384,True,3369.3377.3384,1250.560715240627,847.0114706317796,655,[],2,Example,2_siHAUS6,3,3377.0,3369.0,,[],0,1.0,1960.0,32.666666666666664,0,0,False,False,False,False,False,False,False,False,False,False,False,70,tomeasure:3384:632,1247.313,842.106,631,24,168,1792.0,29.866666666666667,2.8,49.0,030-060,> 120 min,73.61666666666666,76.41666666666667,"(60, 84]","(150, 180]",Example234,Example23384,False
151,151,34,3397,True,3369.3397,1145.5992416257316,676.8633976139495,380,[],2,Example,2_siHAUS6,2,3369.0,,3377.0,['3404' '3418'],2,2.0,1218.0,20.3,0,0,False,False,False,False,False,False,False,False,False,False,False,37,tomeasure:3397:372,1141.246,680.527,371,9,63,1155.0,19.25,1.05,63.0,060-090,060-090,43.28333333333333,44.333333333333336,"(36, 60]","(60, 90]",Example234,Example23397,False
152,152,34,3404,True,3369.3397.3404,1535.6139804263423,654.7662452739714,715,[],2,Example,2_siHAUS6,3,3397.0,3369.0,3418.0,[],0,2.0,2345.0,39.083333333333336,0,0,False,False,False,False,False,False,False,False,False,False,False,75,tomeasure:3404:707,1544.959,658.153,706,9,63,2282.0,38.03333333333333,1.05,63.0,060-090,060-090,82.36666666666666,83.41666666666667,"(60, 84]","(60, 90]",Example234,Example23404,False
153,153,34,3418,True,3369.3397.3418,1369.885337876508,523.2881888511027,628,[],2,Example,2_siHAUS6,3,3397.0,3369.0,3404.0,[],0,2.0,1736.0,28.933333333333334,0,0,False,False,False,False,False,False,False,False,False,False,False,68,tomeasure:3418:618,1380.361,519.765,617,11,77,1659.0,27.65,1.2833333333333334,63.0,060-090,060-090,71.98333333333333,73.26666666666667,"(60, 84]","(60, 90]",Example234,Example23418,False
