,Unnamed: 0.1,Unnamed: 0,Track_ID,Source_ID,Splitting_event,Lineage,Track_Coordinate_X,Track_Coordinate_Y,Frame,Position,Dataset,Generation,Mother_ID,Grandmother_ID,Sister_ID,Cell_Cycle_mins,Cell_Cycle_hours,Seen_sister,Random_ID,Seen_granny, ,Label,X,Y,Frame_onset,Frames_in_mitosis,Mitotic_duration_mins,Interphase_duration_mins,Interphase_duration_hrs,Mitotic_duration_hrs,Mother_Mitotic_duration_mins,Mother_arrested,Metaphase_arrested,Frame_onset_hrs,Frame_hrs,Mitotic_duration_bin,Unique_Track_ID,Unique_Source_ID,Laggings,Massive Missegregation,DNA bridge,Misaligned,MN,Multipolar Divition,Citokinesis Failure,Slippage,Mitotic Death,Comments,any_true
0,0,0,0,2011,True,2011,444.5668994462594,406.8636488874434,66,3,20250627,1,,,,,,,5356,,22,tomeasure:2011:11,171.529,747.022,11,55,385,,,6.416666666666667,,,> 120 min,1.2833333333333334,7.7,"(360, 390]",2025062730,2025062732011,False,False,False,True,True,False,False,False,False,,True
1,1,0,0,2012,True,2012,761.9374341228645,648.1370995719781,59,3,20250704,1,,,,,,,2771,,52,tomeasure:2012:14,819.528,643.027,14,45,315,,,5.25,,,> 120 min,1.6333333333333333,6.883333333333334,"(300, 330]",2025070430,2025070432012,False,False,False,False,False,False,False,False,False,,False
2,2,4,1,2081,True,2081,580.7407849350454,683.7687577201925,58,3,20250704,1,,,,,,,5621,,46,tomeasure:2081:48,568.449,727.549,48,10,70,,,1.1666666666666667,,,060-090,5.6,6.766666666666667,"(60, 90]",2025070431,2025070432081,False,False,False,False,False,False,False,False,False,,False
3,3,2,0,2105,True,2011.2105,452.6461674231485,440.838006533849,527,3,20250627,2,2011.0,,2187.0,3227.0,53.78333333333333,True,5749,,76,tomeasure:2105:500,454.096,473.569,500,27,189,3038.0,50.63333333333333,3.15,385.0,> 120 min,> 120 min,58.333333333333336,61.48333333333333,"(180, 210]",2025062730,2025062732105,False,False,False,True,True,False,False,False,False,,True
4,4,8,2,2139,True,2139,972.4128101611544,1337.84446698354,58,3,20250704,1,,,,,,,2354,,48,tomeasure:2139:43,954.597,1360.632,43,15,105,,,1.75,,,090-120,5.016666666666667,6.766666666666667,"(90, 120]",2025070432,2025070432139,False,False,False,False,False,False,False,False,False,,False
5,5,4,0,2187,True,2011.2187,548.3544188416815,554.7764010797216,517,3,20250627,2,2011.0,,2105.0,3157.0,52.61666666666667,False,6122,,73,tomeasure:2187:503,548.976,554.776,503,14,98,3059.0,50.98333333333333,1.6333333333333333,385.0,> 120 min,090-120,58.68333333333333,60.31666666666667,"(90, 120]",2025062730,2025062732187,False,False,False,False,False,False,False,False,False,,False
6,6,12,3,2196,True,2196,737.9067809531385,1099.195221711778,61,3,20250704,1,,,,,,,5209,,58,tomeasure:2196:1,677.002,1095.466,1,60,420,,,7.0,,,> 120 min,0.1166666666666666,7.116666666666666,"(390, 420]",2025070433,2025070432196,False,False,False,False,False,False,False,False,False,,False
7,7,6,1,2219,True,2219,277.664414829669,493.3877751698545,72,3,20250627,1,,,,,,,6483,,25,tomeasure:2219:3,261.851,490.142,3,69,483,,,8.05,,,> 120 min,0.35,8.4,"(480, 510]",2025062731,2025062732219,False,False,False,False,False,False,True,False,False,,True
8,8,8,2,2245,True,2245,380.4161306383105,449.1934888005464,61,3,20250627,1,,,,,,,2219,,6,tomeasure:2245:29,379.933,446.639,29,32,224,,,3.733333333333333,,,> 120 min,3.3833333333333333,7.116666666666666,"(210, 240]",2025062732,2025062732245,False,False,False,False,False,False,False,False,False,,False
9,9,14,4,2246,True,2246,1006.3871818838704,582.9505001690432,58,3,20250704,1,,,,,,,2164,,44,tomeasure:2246:26,1045.748,565.135,26,32,224,,,3.733333333333333,,,> 120 min,3.033333333333333,6.766666666666667,"(210, 240]",2025070434,2025070432246,True,False,False,True,True,False,False,False,False,,True
10,10,10,2,2276,True,2245.2276,546.1447045232161,420.329095515592,507,3,20250627,2,2245.0,,2307.0,3122.0,52.03333333333333,False,5585,,71,tomeasure:2276:501,543.59,416.807,501,6,42,3080.0,51.333333333333336,0.7,224.0,> 120 min,030-060,58.45,59.15,"(30, 60]",2025062732,2025062732276,False,False,False,False,False,False,False,False,False,,False
11,11,12,2,2307,True,2245.2307,395.0554879981439,495.459382343416,450,3,20250627,2,2245.0,,2276.0,2723.0,45.38333333333333,True,2681,,64,tomeasure:2307:443,394.434,489.728,443,7,49,2674.0,44.56666666666667,0.8166666666666667,224.0,> 120 min,030-060,51.68333333333333,52.5,"(30, 60]",2025062732,2025062732307,False,False,False,False,False,False,False,False,False,,False
12,12,18,5,2319,True,2319,1255.8087889213716,838.1726096957884,62,3,20250704,1,,,,,,,5656,,64,tomeasure:2319:15,1260.366,763.18,15,47,329,,,5.483333333333333,,,> 120 min,1.75,7.233333333333333,"(300, 330]",2025070435,2025070432319,False,False,False,False,False,False,True,False,False,,True
13,13,14,3,2332,True,2332,469.3571319565432,520.5948827159599,163,3,20250627,1,,,,,,,5498,,33,tomeasure:2332:157,464.454,520.802,157,6,42,,,0.7,,,030-060,18.316666666666663,19.016666666666666,"(30, 60]",2025062733,2025062732332,False,False,False,False,False,False,False,False,False,,False
14,14,16,3,2346,True,2332.2346,504.7125610519898,551.2546688846675,404,3,20250627,2,2332.0,,,1687.0,28.116666666666667,,2553,,60,tomeasure:2346:400,504.644,553.119,400,4,28,1659.0,27.65,0.4666666666666667,42.0,030-060,000-030 min,46.66666666666666,47.13333333333333,"(0, 30]",2025062733,2025062732346,False,False,False,False,False,False,False,False,False,,False
15,15,20,6,2354,True,2354,1224.5965612411528,1169.6298947954576,68,3,20250704,1,,,,,,,2631,,70,tomeasure:2354:49,1208.162,1184.96,49,19,133,,,2.216666666666667,,,> 120 min,5.716666666666667,7.933333333333334,"(120, 150]",2025070436,2025070432354,False,False,False,False,False,False,False,False,False,,False
16,16,18,5,2384,True,2384,607.7404911504395,407.6232381844158,243,3,20250627,1,,,,,,,5635,,39,tomeasure:2384:236,606.567,408.935,236,7,49,,,0.8166666666666667,,,030-060,27.53333333333333,28.35,"(30, 60]",2025062735,2025062732384,False,False,False,False,False,False,False,False,False,Bumpy daughter nucleus,False
17,17,22,7,2390,True,2390,148.4652422842268,1213.8241994754137,64,3,20250704,1,,,,,,,2771,,67,tomeasure:2390:55,100.266,1237.993,55,9,63,,,1.05,,,060-090,6.416666666666667,7.466666666666667,"(60, 90]",2025070437,2025070432390,False,False,False,False,False,False,False,False,False,,False
18,18,20,5,2394,True,2384.2394,635.3619201312571,333.5978085158246,532,3,20250627,2,2384.0,,2419.0,2023.0,33.71666666666667,False,5378,,78,tomeasure:2394:523,630.183,332.286,523,9,63,1960.0,32.666666666666664,1.05,49.0,030-060,060-090,61.016666666666666,62.06666666666667,"(60, 90]",2025062735,2025062732394,False,False,False,False,False,False,False,False,False,,False
19,19,22,5,2419,True,2384.2419,655.8017775770621,358.1808803087524,541,3,20250627,2,2384.0,,2394.0,2086.0,34.766666666666666,True,6669,,80,tomeasure:2419:531,660.014,350.516,531,10,70,2016.0,33.6,1.1666666666666667,49.0,030-060,060-090,61.95,63.11666666666667,"(60, 90]",2025062735,2025062732419,False,False,False,False,False,False,False,False,False,,False
20,20,26,8,2436,True,2436,1463.2458065129144,958.6020899486682,68,3,20250704,1,,,,,,,5562,,71,tomeasure:2436:1,1432.724,912.336,1,67,469,,,7.816666666666666,,,> 120 min,0.1166666666666666,7.933333333333334,"(450, 480]",2025070438,2025070432436,False,False,False,False,False,False,False,False,False,,False
21,21,24,4,2445,True,2445,582.1906693431831,400.44166664940326,61,3,20250627,1,,,,,,,2105,,10,tomeasure:2445:55,581.707,393.191,55,6,42,,,0.7,,,030-060,6.416666666666667,7.116666666666666,"(30, 60]",2025062734,2025062732445,False,False,False,False,False,False,False,False,False,,False
22,22,26,4,2464,True,2445.2464,684.6661708620164,383.0401663914882,237,3,20250627,2,2445.0,,2524.0,1232.0,20.53333333333333,True,5397,,37,tomeasure:2464:228,694.403,384.905,228,9,63,1169.0,19.48333333333333,1.05,42.0,030-060,060-090,26.6,27.65,"(60, 90]",2025062734,2025062732464,False,False,False,False,False,False,False,False,False,,False
23,23,28,4,2480,True,2445.2464.2480,732.7274572886391,180.43698481719105,555,3,20250627,3,2464.0,2445.0,2501.0,2226.0,37.1,True,5749,True,84,tomeasure:2480:548,731.692,178.158,548,7,49,2177.0,36.28333333333333,0.8166666666666667,63.0,060-090,030-060,63.93333333333333,64.75,"(30, 60]",2025062734,2025062732480,False,False,False,False,False,False,False,False,False,,False
24,24,30,9,2492,True,2492,1256.637432134121,480.19874178814575,60,3,20250704,1,,,,,,,5827,,54,tomeasure:2492:25,1249.594,404.378,25,35,245,,,4.083333333333333,,,> 120 min,2.9166666666666665,7.0,"(240, 270]",2025070439,2025070432492,False,False,False,False,False,False,False,False,False,,False
25,25,30,4,2501,True,2445.2464.2501,701.6533496852193,334.5645585301533,494,3,20250627,3,2464.0,2445.0,2480.0,1799.0,29.98333333333333,False,3149,False,69,tomeasure:2501:486,704.761,339.329,486,8,56,1743.0,29.05,0.9333333333333332,63.0,060-090,030-060,56.7,57.63333333333333,"(30, 60]",2025062734,2025062732501,False,False,False,False,False,False,False,False,False,,False
26,26,32,4,2524,True,2445.2524,724.0267071596816,335.80752283429007,284,3,20250627,2,2445.0,,2464.0,1561.0,26.016666666666666,False,5842,,45,tomeasure:2524:267,727.963,340.572,267,17,119,1442.0,24.03333333333333,1.9833333333333332,42.0,030-060,090-120,31.15,33.13333333333333,"(90, 120]",2025062734,2025062732524,False,False,False,False,False,False,False,False,False,,False
27,27,32,10,2529,True,2529,789.2826601435872,219.452344176406,67,3,20250704,1,,,,,,,5370,,69,tomeasure:2529:1,830.3,265.994,1,66,462,,,7.7,,,> 120 min,0.1166666666666666,7.816666666666666,"(450, 480]",20250704310,2025070432529,False,False,False,False,False,False,False,False,False,,False
28,28,34,5,2547,True,2547,344.50827296324763,446.4313459024646,1,3,20250627,1,,,,,,,2951,,1,tomeasure:2547:1,349.687,435.038,1,0,0,,,0.0,,,000-030 min,0.1166666666666666,0.1166666666666666,,2025062735,2025062732547,False,False,False,False,False,False,False,False,False,where is mitosis,False
29,29,36,5,2553,True,2547.2553,439.3878815123561,535.5104543656014,320,3,20250627,2,2547.0,,,2233.0,37.21666666666667,,2623,,49,tomeasure:2553:309,441.667,536.546,309,11,77,2156.0,35.93333333333333,1.2833333333333334,0.0,,060-090,36.05,37.333333333333336,"(60, 90]",2025062735,2025062732553,False,False,True,False,True,False,False,False,False,,True
30,30,34,11,2561,True,2561,651.1754580187251,281.3243707283442,58,3,20250704,1,,,,,,,5656,,47,tomeasure:2561:38,640.541,319.856,38,20,140,,,2.333333333333333,,,> 120 min,4.433333333333334,6.766666666666667,"(120, 150]",20250704311,2025070432561,False,False,False,False,False,False,False,False,False,,False
31,31,40,6,2574,True,2574,349.89445161450703,317.1630582722382,1,3,20250627,1,,,,,,,6162,,2,tomeasure:2574:1,348.03,316.127,1,0,0,,,0.0,,,000-030 min,0.1166666666666666,0.1166666666666666,,2025062736,2025062732574,False,False,False,False,False,False,False,False,False,,False
32,32,42,6,2610,True,2574.2610,317.1630582722382,274.9022719315872,185,3,20250627,2,2574.0,,2668.0,1288.0,21.466666666666665,False,5610,,34,tomeasure:2610:178,321.928,274.695,178,7,49,1239.0,20.65,0.8166666666666667,0.0,,030-060,20.766666666666666,21.58333333333333,"(30, 60]",2025062736,2025062732610,False,False,False,False,False,False,False,False,False,,False
33,33,38,12,2615,True,2615,625.7637328277505,418.32671523620746,57,3,20250704,1,,,,,,,5441,,41,tomeasure:2615:20,664.572,441.667,20,37,259,,,4.316666666666666,,,> 120 min,2.333333333333333,6.65,"(240, 270]",20250704312,2025070432615,False,False,False,False,False,False,False,False,False,,False
34,34,44,6,2623,True,2574.2610.2623,296.8613079713372,230.56987841737492,470,3,20250627,3,2610.0,2574.0,2644.0,1995.0,33.25,True,6405,True,66,tomeasure:2623:461,299.14,235.749,461,9,63,1932.0,32.2,1.05,49.0,030-060,060-090,53.78333333333333,54.833333333333336,"(60, 90]",2025062736,2025062732623,False,False,False,False,False,False,False,False,False,,False
35,35,46,6,2644,True,2574.2610.2644,323.7922012276344,324.6208440970589,427,3,20250627,3,2610.0,2574.0,2623.0,1694.0,28.23333333333333,False,5585,False,61,tomeasure:2644:416,330.629,327.314,416,11,77,1617.0,26.95,1.2833333333333334,49.0,030-060,060-090,48.53333333333333,49.81666666666667,"(60, 90]",2025062736,2025062732644,False,False,False,False,False,False,False,False,False,,False
36,36,48,6,2668,True,2574.2668,445.1883815983278,326.278129835908,157,3,20250627,2,2574.0,,2610.0,1092.0,18.2,True,2276,,32,tomeasure:2668:149,446.224,322.342,149,8,56,1036.0,17.266666666666666,0.9333333333333332,0.0,,030-060,17.383333333333333,18.316666666666663,"(30, 60]",2025062736,2025062732668,False,False,False,False,False,False,False,False,False,,False
37,37,44,13,2671,True,2671,1140.9035967534862,388.49555957723726,1,3,20250704,1,,,,,,,2852,,1,tomeasure:2671:1,1136.898,391.948,1,0,0,,,0.0,,,000-030 min,0.1166666666666666,0.1166666666666666,,20250704313,2025070432671,False,False,False,False,False,False,False,False,False,,False
38,38,50,6,2681,True,2574.2668.2681,511.89413258700233,344.92259439795987,579,3,20250627,3,2668.0,2574.0,2699.0,2954.0,49.23333333333333,True,2105,True,92,tomeasure:2681:567,512.101,340.572,567,12,84,2870.0,47.833333333333336,1.4,56.0,030-060,060-090,66.15,67.55,"(60, 90]",2025062736,2025062732681,False,False,False,False,False,False,False,False,False,,False
39,39,52,6,2699,True,2574.2668.2699,496.1499180679363,294.37537936306364,559,3,20250627,3,2668.0,2574.0,2681.0,2814.0,46.9,False,6194,True,86,tomeasure:2699:547,502.572,300.383,547,12,84,2730.0,45.5,1.4,56.0,030-060,060-090,63.81666666666667,65.21666666666667,"(60, 90]",2025062736,2025062732699,False,False,False,False,False,False,False,False,False,,False
40,40,46,14,2700,True,2700,588.4747882540377,1341.9876830472856,59,3,20250704,1,,,,,,,2246,,51,tomeasure:2700:22,620.654,1353.174,22,37,259,,,4.316666666666666,,,> 120 min,2.566666666666667,6.883333333333334,"(240, 270]",20250704314,2025070432700,False,False,False,False,False,False,False,False,False,,False
41,41,54,7,2724,True,2724,364.8100232641486,219.38319968014383,62,3,20250627,1,,,,,,,6239,,13,tomeasure:2724:32,379.933,244.45,32,30,210,,,3.5,,,> 120 min,3.733333333333333,7.233333333333333,"(180, 210]",2025062737,2025062732724,False,True,False,False,False,False,False,False,False,,True
42,42,56,7,2746,True,2724.2746,187.34234206239543,129.8897697822948,345,3,20250627,2,2724.0,,,1981.0,33.016666666666666,,6265,,54,tomeasure:2746:338,189.345,125.539,338,7,49,1932.0,32.2,0.8166666666666667,210.0,> 120 min,030-060,39.43333333333333,40.25,"(30, 60]",2025062737,2025062732746,False,False,False,False,False,False,False,False,False,,False
43,43,58,8,2826,True,2826,518.5232755423986,161.3781988204269,67,3,20250627,1,,,,,,,2384,,24,tomeasure:2826:1,512.93,161.585,1,66,462,,,7.7,,,> 120 min,0.1166666666666666,7.816666666666666,"(450, 480]",2025062738,2025062732826,False,False,False,False,False,False,False,False,False,,False
44,44,60,9,2852,True,2852,375.9967020013797,297.6899508407617,228,3,20250627,1,,,,,,,6515,,36,tomeasure:2852:220,371.232,297.483,220,8,56,,,0.9333333333333332,,,030-060,25.666666666666668,26.6,"(30, 60]",2025062739,2025062732852,False,False,False,False,False,False,False,False,False,,False
45,45,58,17,2878,True,2878,461.4161622991645,739.8402817828867,71,3,20250704,1,,,,,,,5495,,72,tomeasure:2878:59,454.925,729.206,59,12,84,,,1.4,,,060-090,6.883333333333334,8.283333333333333,"(60, 90]",20250704317,2025070432878,False,False,False,False,False,False,False,False,False,,False
46,46,62,10,2884,True,2884,463.2113640083113,281.1170934522712,152,3,20250627,1,,,,,,,3108,,31,tomeasure:2884:139,461.554,283.81,139,13,91,,,1.5166666666666666,,,090-120,16.216666666666665,17.733333333333334,"(90, 120]",20250627310,2025062732884,False,False,False,False,False,False,False,False,False,,False
47,47,64,10,2899,True,2884.2899,447.052828054533,309.9124331647736,380,3,20250627,2,2884.0,,2925.0,1596.0,26.6,False,6122,,58,tomeasure:2899:372,446.224,308.669,372,8,56,1540.0,25.666666666666668,0.9333333333333332,91.0,090-120,030-060,43.4,44.333333333333336,"(30, 60]",20250627310,2025062732899,False,False,False,False,False,False,False,False,False,,False
48,48,66,10,2925,True,2884.2925,556.6408475359268,275.52375408365566,357,3,20250627,2,2884.0,,2899.0,1435.0,23.916666666666668,True,2668,,57,tomeasure:2925:349,561.82,273.038,349,8,56,1379.0,22.98333333333333,0.9333333333333332,91.0,090-120,030-060,40.71666666666667,41.65,"(30, 60]",20250627310,2025062732925,False,False,False,False,False,False,False,False,False,,False
49,49,68,11,2951,True,2951,730.4486893977216,289.4035221465165,64,3,20250627,1,,,,,,,6574,,20,tomeasure:2951:1,719.676,282.567,1,63,441,,,7.35,,,> 120 min,0.1166666666666666,7.466666666666667,"(420, 450]",20250627311,2025062732951,False,False,False,False,False,False,False,False,False,,False
50,50,70,39,3033,True,3033,243.4138428934552,302.2474866225967,59,3,20250627,1,,,,,,,5858,,3,tomeasure:3033:16,237.821,294.583,16,43,301,,,5.016666666666667,,,> 120 min,1.8666666666666667,6.883333333333334,"(300, 330]",20250627339,2025062733033,False,False,False,False,False,False,False,False,False,,False
51,51,72,12,3060,True,3060,163.86412742870047,276.5595576704363,64,3,20250627,1,,,,,,,6455,,18,tomeasure:3060:1,147.498,272.624,1,63,441,,,7.35,,,> 120 min,0.1166666666666666,7.466666666666667,"(420, 450]",20250627312,2025062733060,False,False,False,False,False,False,False,False,False,,False
52,52,74,13,3108,True,3108,170.76948467390488,240.65169999537343,64,3,20250627,1,,,,,,,6294,,19,tomeasure:3108:1,198.874,209.647,1,63,441,,,7.35,,,> 120 min,0.1166666666666666,7.466666666666667,"(420, 450]",20250627313,2025062733108,False,False,False,False,False,False,False,False,False,,False
53,53,76,13,3121,True,3108.3121,72.43719750219418,199.21955652414692,543,3,20250627,2,3108.0,,,3353.0,55.88333333333333,,2724,,81,tomeasure:3121:533,67.12,196.803,533,10,70,3283.0,54.71666666666667,1.1666666666666667,441.0,> 120 min,060-090,62.18333333333333,63.35,"(60, 90]",20250627313,2025062733121,False,False,False,False,False,False,False,False,False,,False
54,54,78,14,3149,True,3149,190.1044849604772,190.9331278299017,79,3,20250627,1,,,,,,,2610,,26,tomeasure:3149:70,190.588,197.631,70,9,63,,,1.05,,,060-090,8.166666666666666,9.216666666666669,"(60, 90]",20250627314,2025062733149,False,False,False,False,False,False,False,False,False,,False
55,55,80,14,3162,True,3149.3162,174.36027044141113,161.1019845306187,442,3,20250627,2,3149.0,,,2541.0,42.35,,2501,,62,tomeasure:3162:426,187.273,143.77,426,16,112,2429.0,40.48333333333333,1.8666666666666667,63.0,060-090,090-120,49.7,51.56666666666667,"(90, 120]",20250627314,2025062733162,False,False,False,False,False,False,False,False,False,,False
56,56,82,15,3190,True,3190,67.32723314074292,352.7947016574929,313,3,20250627,1,,,,,,,2346,,46,tomeasure:3190:306,66.291,348.859,306,7,49,,,0.8166666666666667,,,030-060,35.7,36.516666666666666,"(30, 60]",20250627315,2025062733190,False,False,False,False,False,False,False,False,False,Bumpy daughter nucleus,False
57,57,84,15,3200,True,3190.3200,229.74123554795045,385.52609499976177,521,3,20250627,2,3190.0,,,1456.0,24.266666666666666,,5227,,74,tomeasure:3200:515,232.434,382.419,515,6,42,1414.0,23.566666666666663,0.7,49.0,030-060,030-060,60.083333333333336,60.78333333333333,"(30, 60]",20250627315,2025062733200,False,False,False,False,False,False,False,False,False,,False
58,58,66,18,4983,True,4983,525.2216896808508,1031.5226926705957,59,3,20250704,1,,,,,,,2081,,50,tomeasure:4983:6,589.994,985.257,6,53,371,,,6.183333333333334,,,> 120 min,0.7,6.883333333333334,"(360, 390]",20250704318,2025070434983,False,False,False,False,False,False,False,False,False,,False
59,59,70,19,5072,True,5072,746.1932130806302,811.656026887815,63,3,20250704,1,,,,,,,5877,,66,tomeasure:5072:54,732.521,842.73,54,9,63,,,1.05,,,060-090,6.3,7.35,"(60, 90]",20250704319,2025070435072,False,False,False,False,False,False,False,False,False,,False
60,60,76,20,5158,True,5158,248.1786422183773,873.5280534397532,58,3,20250704,1,,,,,,,2852,,45,tomeasure:5158:22,222.076,938.024,22,36,252,,,4.2,,,> 120 min,2.566666666666667,6.766666666666667,"(240, 270]",20250704320,2025070435158,False,False,False,False,False,False,False,False,False,,False
61,61,86,18,5227,True,5227,156.13012731407153,718.5024213635181,66,3,20250627,1,,,,,,,2419,,21,tomeasure:5227:1,451.196,394.848,1,65,455,,,7.583333333333333,,,> 120 min,0.1166666666666666,7.7,"(450, 480]",20250627318,2025062735227,False,False,False,False,False,False,False,False,False,Unclear,False
62,62,88,18,5240,True,5227.5240,198.11469936491432,714.6354213062035,557,3,20250627,2,5227.0,,,3437.0,57.28333333333333,,2501,,85,tomeasure:5240:541,207.575,731.277,541,16,112,3325.0,55.41666666666666,1.8666666666666667,455.0,> 120 min,090-120,63.11666666666667,64.98333333333333,"(90, 120]",20250627318,2025062735240,False,False,False,False,False,False,False,False,False,Congression,False
63,63,90,19,5272,True,5272,689.7761352234677,689.2237066438514,63,3,20250627,1,,,,,,,6145,,17,tomeasure:5272:14,744.95,773.538,14,49,343,,,5.716666666666667,,,> 120 min,1.6333333333333333,7.35,"(330, 360]",20250627319,2025062735272,False,False,False,False,False,False,False,False,False,Unclear,False
64,64,88,22,5277,True,5277,766.0806501866105,539.032409893337,57,3,20250704,1,,,,,,,5877,,42,tomeasure:5277:48,749.093,517.902,48,9,63,,,1.05,,,060-090,5.6,6.65,"(60, 90]",20250704322,2025070435277,False,False,False,False,False,False,False,False,False,,False
65,65,92,20,5299,True,5299,679.8324207903734,282.63627204621616,61,3,20250627,1,,,,,,,5703,,11,tomeasure:5299:52,681.559,282.153,52,9,63,,,1.05,,,060-090,6.066666666666666,7.116666666666666,"(60, 90]",20250627320,2025062735299,False,False,False,False,False,False,False,False,False,,False
66,66,94,20,5320,True,5299.5320,741.7044217074049,336.2218442690024,268,3,20250627,2,5299.0,,5378.0,1449.0,24.15,False,6395,,43,tomeasure:5320:261,739.978,331.043,261,7,49,1400.0,23.33333333333333,0.8166666666666667,63.0,060-090,030-060,30.45,31.266666666666666,"(30, 60]",20250627320,2025062735320,False,False,False,False,False,False,False,False,False,,False
67,67,96,20,5334,True,5299.5320.5334,636.1905630006815,205.29627089992687,538,3,20250627,3,5320.0,5299.0,5356.0,1890.0,31.5,False,5669,False,79,tomeasure:5334:529,633.083,212.547,529,9,63,1827.0,30.45,1.05,49.0,030-060,060-090,61.71666666666667,62.766666666666666,"(60, 90]",20250627320,2025062735334,False,False,False,False,False,False,False,False,False,,False
68,68,98,20,5356,True,5299.5320.5356,773.7452793251532,178.22727049872563,514,3,20250627,3,5320.0,5299.0,5334.0,1722.0,28.7,True,5531,True,72,tomeasure:5356:504,760.694,180.23,504,10,70,1652.0,27.53333333333333,1.1666666666666667,49.0,030-060,060-090,58.8,59.96666666666667,"(60, 90]",20250627320,2025062735356,False,False,False,False,False,False,False,False,False,Unfocused metaphase plate?,False
69,69,100,20,5378,True,5299.5378,765.4588506309079,411.6283453866344,237,3,20250627,2,5299.0,,5320.0,1232.0,20.53333333333333,True,2553,,38,tomeasure:5378:229,771.052,415.564,229,8,56,1176.0,19.6,0.9333333333333332,63.0,060-090,030-060,26.716666666666665,27.65,"(30, 60]",20250627320,2025062735378,False,False,False,False,False,False,False,False,False,,False
70,70,102,20,5397,True,5299.5378.5397,723.6123857249693,320.8919511846486,521,3,20250627,3,5378.0,5299.0,,1988.0,33.13333333333333,,2699,True,75,tomeasure:5397:511,726.305,322.756,511,10,70,1918.0,31.966666666666665,1.1666666666666667,56.0,030-060,060-090,59.61666666666667,60.78333333333333,"(60, 90]",20250627320,2025062735397,False,False,False,False,False,False,False,False,False,,False
71,71,102,23,5412,True,5412,1118.2540156050088,772.7097958886038,66,3,20250704,1,,,,,,,2139,,68,tomeasure:5412:57,1117.84,757.38,57,9,63,,,1.05,,,060-090,6.65,7.7,"(60, 90]",20250704323,2025070435412,False,False,False,False,False,False,False,False,False,,False
72,72,104,21,5421,True,5421,571.5564191855684,446.0170244677523,61,3,20250627,1,,,,,,,5882,,9,tomeasure:5421:40,580.879,444.567,40,21,147,,,2.45,,,> 120 min,4.666666666666667,7.116666666666666,"(120, 150]",20250627321,2025062735421,False,False,False,False,False,False,False,False,False,,False
73,73,106,21,5437,True,5421.5437,682.1802422537429,358.5952017434646,327,3,20250627,2,5421.0,,5498.0,1862.0,31.03333333333333,False,3108,,52,tomeasure:5437:320,686.945,359.217,320,7,49,1813.0,30.216666666666665,0.8166666666666667,147.0,> 120 min,030-060,37.333333333333336,38.15,"(30, 60]",20250627321,2025062735437,False,False,False,False,False,False,False,False,False,,False
74,74,108,21,5450,True,5421.5437.5450,606.7737411361109,317.9917011416627,568,3,20250627,3,5437.0,5421.0,5475.0,1687.0,28.116666666666667,True,5610,True,88,tomeasure:5450:559,572.592,329.386,559,9,63,1624.0,27.066666666666663,1.05,49.0,030-060,060-090,65.21666666666667,66.26666666666667,"(60, 90]",20250627321,2025062735450,False,False,False,False,False,False,False,False,False,,False
75,75,110,21,5475,True,5421.5437.5475,684.6661708620164,344.92259439795987,575,3,20250627,3,5437.0,5421.0,5450.0,1736.0,28.933333333333334,False,2332,False,90,tomeasure:5475:567,684.873,345.958,567,8,56,1680.0,28.0,0.9333333333333332,49.0,030-060,030-060,66.15,67.08333333333333,"(30, 60]",20250627321,2025062735475,False,False,False,False,False,False,False,False,False,,False
76,76,112,21,5498,True,5421.5498,650.2774917808986,322.13491548878534,322,3,20250627,2,5421.0,,5437.0,1827.0,30.45,True,6095,,51,tomeasure:5498:312,647.999,322.756,312,10,70,1757.0,29.28333333333333,1.1666666666666667,147.0,> 120 min,060-090,36.4,37.56666666666667,"(60, 90]",20250627321,2025062735498,False,False,False,False,False,False,False,False,False,,False
77,77,114,21,5508,True,5421.5498.5508,528.8813114102052,369.36755904598346,581,3,20250627,3,5498.0,5421.0,5531.0,1813.0,30.216666666666665,True,6515,True,93,tomeasure:5508:573,531.989,378.69,573,8,56,1757.0,29.28333333333333,0.9333333333333332,70.0,060-090,030-060,66.85,67.78333333333333,"(30, 60]",20250627321,2025062735508,False,False,False,False,False,False,False,False,False,,False
78,78,116,21,5531,True,5421.5498.5531,604.2878125278372,361.9097732211627,571,3,20250627,3,5498.0,5421.0,5508.0,1743.0,29.05,False,2724,True,89,tomeasure:5531:560,598.694,360.46,560,11,77,1666.0,27.766666666666666,1.2833333333333334,70.0,060-090,060-090,65.33333333333333,66.61666666666666,"(60, 90]",20250627321,2025062735531,False,False,False,False,False,False,False,False,False,,False
79,79,116,24,5531,True,5531,1064.3922067763126,368.33190806700736,63,3,20250704,1,,,,,,,5485,,65,tomeasure:5531:53,1050.72,382.005,53,10,70,,,1.1666666666666667,,,060-090,6.183333333333334,7.35,"(60, 90]",20250704324,2025070435531,False,False,False,False,False,False,False,False,False,,False
80,80,118,22,5551,True,5551,731.8988144192145,209.02516381233724,61,3,20250627,1,,,,,,,5437,,12,tomeasure:5551:54,732.935,207.989,54,7,49,,,0.8166666666666667,,,030-060,6.3,7.116666666666666,"(30, 60]",20250627322,2025062735551,False,False,False,False,False,False,False,False,False,,False
81,81,120,22,5585,True,5551.5585,574.8709906632665,126.5751983045967,399,3,20250627,2,5551.0,,,2366.0,39.43333333333333,,6079,,59,tomeasure:5585:390,578.393,128.854,390,9,63,2303.0,38.38333333333333,1.05,49.0,030-060,060-090,45.5,46.55,"(60, 90]",20250627322,2025062735585,False,False,False,False,False,False,False,False,False,,False
82,82,122,25,5608,True,5608,1281.496728516596,1162.172105880715,73,3,20250704,1,,,,,,,5354,,73,tomeasure:5608:67,1284.397,1163.415,67,6,42,,,0.7,,,030-060,7.816666666666666,8.516666666666667,"(30, 60]",20250704325,2025070435608,False,False,False,False,False,False,False,False,False,,False
83,83,122,23,5610,True,5610,758.8297076755117,211.5110924206108,119,3,20250627,1,,,,,,,6336,,29,tomeasure:5610:21,715.947,157.028,21,98,686,,,11.433333333333334,,,> 120 min,2.45,13.883333333333333,"(660, 690]",20250627323,2025062735610,False,False,False,False,False,False,False,False,False,,False
84,84,124,24,5635,True,5635,598.0729910071533,115.38851956736556,63,3,20250627,1,,,,,,,2245,,16,tomeasure:5635:26,597.037,116.839,26,37,259,,,4.316666666666666,,,> 120 min,3.033333333333333,7.35,"(240, 270]",20250627324,2025062735635,False,False,False,False,False,False,False,False,False,,False
85,85,126,24,5669,True,5635.5669,721.1264571166957,58.626483011785375,448,3,20250627,2,5635.0,,5703.0,2695.0,44.91666666666666,True,3033,,63,tomeasure:5669:438,719.262,60.077,438,10,70,2625.0,43.75,1.1666666666666667,259.0,> 120 min,060-090,51.1,52.266666666666666,"(60, 90]",20250627324,2025062735669,False,False,False,False,False,False,False,False,False,,False
86,86,130,26,5673,True,5673,1061.077633925316,703.9324092304224,88,3,20250704,1,,,,,,,5370,,74,tomeasure:5673:79,1047.405,716.776,79,9,63,,,1.05,,,060-090,9.216666666666669,10.266666666666667,"(60, 90]",20250704326,2025070435673,False,False,False,False,False,False,False,False,False,,False
87,87,128,24,5703,True,5635.5703,547.1114545375448,173.8078418617948,585,3,20250627,2,5635.0,,5669.0,3654.0,60.9,False,6239,,94,tomeasure:5703:577,556.019,171.529,577,8,56,3598.0,59.96666666666667,0.9333333333333332,259.0,> 120 min,030-060,67.31666666666666,68.25,"(30, 60]",20250627324,2025062735703,False,False,False,False,False,False,False,False,False,,False
88,88,130,25,5723,True,5723,509.822525413441,105.44480513427122,61,3,20250627,1,,,,,,,6515,,8,tomeasure:5723:1,794.254,126.368,1,60,420,,,7.0,,,> 120 min,0.1166666666666666,7.116666666666666,"(390, 420]",20250627325,2025062735723,False,False,False,False,False,False,False,False,False,,False
89,89,132,25,5749,True,5723.5749,564.9272762301721,85.55737626808254,315,3,20250627,2,5723.0,,,1778.0,29.633333333333333,,2445,,47,tomeasure:5749:303,566.792,85.765,303,12,84,1694.0,28.23333333333333,1.4,420.0,> 120 min,060-090,35.35,36.75,"(60, 90]",20250627325,2025062735749,False,False,False,False,False,False,False,False,False,,False
90,90,136,27,5755,True,5755,1158.0288898169692,837.3439664830393,157,3,20250704,1,,,,,,,5072,,2,tomeasure:5755:146,1157.615,858.474,146,11,77,,,1.2833333333333334,,,060-090,17.033333333333335,18.316666666666663,"(60, 90]",20250704327,2025070435755,False,False,False,False,False,False,False,False,False,,False
91,91,134,26,5802,True,5802,766.7018149350448,102.54455509128536,60,3,20250627,1,,,,,,,6095,,5,tomeasure:5802:1,795.497,128.44,1,59,413,,,6.883333333333334,,,> 120 min,0.1166666666666666,7.0,"(390, 420]",20250627326,2025062735802,False,False,False,False,False,False,False,False,False,,False
92,92,136,27,5842,True,5842,603.8734910931249,329.17837987889385,59,3,20250627,1,,,,,,,2384,,4,tomeasure:5842:43,608.224,327.728,43,16,112,,,1.8666666666666667,,,090-120,5.016666666666667,6.883333333333334,"(90, 120]",20250627327,2025062735842,False,False,False,False,False,False,False,False,False,,False
93,93,138,27,5858,True,5842.5858,665.6073848652524,336.6361657037146,530,3,20250627,2,5842.0,,5882.0,3297.0,54.95,False,5723,,77,tomeasure:5858:518,674.93,340.572,518,12,84,3213.0,53.55,1.4,112.0,090-120,060-090,60.43333333333333,61.833333333333336,"(60, 90]",20250627327,2025062735858,False,False,False,False,False,False,False,False,False,,False
94,94,146,28,5877,True,5877,1399.1640647269785,650.8992436144754,59,3,20250704,1,,,,,,,2839,,49,tomeasure:5877:16,1388.806,660.429,16,43,301,,,5.016666666666667,,,> 120 min,1.8666666666666667,6.883333333333334,"(300, 330]",20250704328,2025070435877,True,False,False,False,True,True,False,False,False,,True
95,95,140,27,5882,True,5842.5882,474.60520346289854,321.7205940540731,552,3,20250627,2,5842.0,,5858.0,3451.0,57.516666666666666,True,6515,,82,tomeasure:5882:545,477.298,322.342,545,7,49,3402.0,56.7,0.8166666666666667,112.0,090-120,030-060,63.583333333333336,64.4,"(30, 60]",20250627327,2025062735882,False,False,False,False,False,False,False,False,False,,False
96,96,142,28,5905,True,5905,462.58988185624287,94.67244783175236,61,3,20250627,1,,,,,,,6294,,7,tomeasure:5905:28,378.69,446.224,28,33,231,,,3.85,,,> 120 min,3.2666666666666666,7.116666666666666,"(210, 240]",20250627328,2025062735905,False,False,False,False,False,False,False,False,False,,False
97,97,0,0,5937,True,5937,1143.1133119874842,1561.854348830066,58,4,20250704,1,,,,,,,6164,,29,tomeasure:5937:38,1165.072,1566.136,38,20,140,,,2.333333333333333,,,> 120 min,4.433333333333334,6.766666666666667,"(120, 150]",2025070440,2025070445937,False,False,False,False,False,False,False,False,False,Slight cytokinesis struggle,False
98,98,144,29,5968,True,5968,408.3137739089363,135.6902698682665,63,3,20250627,1,,,,,,,2394,,15,tomeasure:5968:21,418.05,142.112,21,42,294,,,4.9,,,> 120 min,2.45,7.35,"(270, 300]",20250627329,2025062735968,False,False,False,False,False,False,False,False,False,,False
99,99,146,29,5993,True,5968.5993,525.5667399325071,121.18901965333724,485,3,20250627,2,5968.0,,6030.0,2954.0,49.23333333333333,True,2623,,68,tomeasure:5993:477,530.331,121.396,477,8,56,2898.0,48.3,0.9333333333333332,294.0,> 120 min,030-060,55.65,56.583333333333336,"(30, 60]",20250627329,2025062735993,False,False,False,False,False,False,False,False,False,,False
100,100,6,1,6015,True,6015,1299.7268791970778,746.1932130806302,69,4,20250704,1,,,,,,,6240,,35,tomeasure:6015:60,1306.77,740.807,60,9,63,,,1.05,,,060-090,7.0,8.05,"(60, 90]",2025070441,2025070446015,False,False,False,False,False,False,False,False,False,,False
101,101,148,29,6030,True,5968.6030,346.1655587020967,67.74155457545518,564,3,20250627,2,5968.0,,5993.0,3507.0,58.45,False,5227,,87,tomeasure:6030:557,344.715,72.092,557,7,49,3458.0,57.63333333333333,0.8166666666666667,294.0,> 120 min,030-060,64.98333333333333,65.8,"(30, 60]",20250627329,2025062736030,False,False,False,False,False,False,False,False,False,,False
102,102,8,2,6042,True,6042,693.9886906774324,890.3771320989863,111,4,20250704,1,,,,,,,5937,,1,tomeasure:6042:105,697.718,893.277,105,6,42,,,0.7,,,030-060,12.25,12.95,"(30, 60]",2025070442,2025070446042,False,False,False,False,False,False,False,False,False,,False
103,103,150,30,6054,True,6054,390.3598450714048,535.7866686554096,62,3,20250627,1,,,,,,,6515,,14,tomeasure:6054:54,379.933,534.475,54,8,56,,,0.9333333333333332,,,030-060,6.3,7.233333333333333,"(30, 60]",20250627330,2025062736054,False,False,False,False,False,False,False,False,False,,False
104,104,152,30,6079,True,6054.6079,531.2291328735747,523.6332399038498,259,3,20250627,2,6054.0,,6145.0,1379.0,22.98333333333333,True,6378,,41,tomeasure:6079:249,522.874,525.774,249,10,70,1309.0,21.816666666666663,1.1666666666666667,56.0,030-060,060-090,29.05,30.216666666666665,"(60, 90]",20250627330,2025062736079,False,False,False,False,False,False,False,False,False,,False
105,105,154,30,6095,True,6054.6079.6095,549.4592760009143,363.42895181510767,482,3,20250627,3,6079.0,6054.0,6122.0,1561.0,26.016666666666666,True,5397,True,67,tomeasure:6095:471,532.817,373.304,471,11,77,1484.0,24.73333333333333,1.2833333333333334,70.0,060-090,060-090,54.95,56.23333333333333,"(60, 90]",20250627330,2025062736095,False,False,False,False,False,False,False,False,False,,False
106,106,156,30,6122,True,6054.6079.6122,579.8428478798137,391.60280937554165,500,3,20250627,3,6079.0,6054.0,6095.0,1687.0,28.116666666666667,False,2245,False,70,tomeasure:6122:494,595.794,394.848,494,6,42,1645.0,27.416666666666668,0.7,70.0,060-090,030-060,57.63333333333333,58.333333333333336,"(30, 60]",20250627330,2025062736122,False,False,False,False,False,False,False,False,False,,False
107,107,14,3,6124,True,6124,144.5982406247307,887.8912024607388,384,4,20250704,1,,,,,,,6390,,9,tomeasure:6124:376,102.752,888.306,376,8,56,,,0.9333333333333332,,,030-060,43.86666666666667,44.8,"(30, 60]",2025070443,2025070446124,False,False,False,False,False,False,False,False,False,,False
108,108,158,30,6145,True,6054.6145,483.72027502656834,509.2700968338247,263,3,20250627,2,6054.0,,6079.0,1407.0,23.45,False,5802,,42,tomeasure:6145:253,482.684,509.615,253,10,70,1337.0,22.28333333333333,1.1666666666666667,56.0,030-060,060-090,29.516666666666666,30.683333333333334,"(60, 90]",20250627330,2025062736145,False,False,False,False,False,False,False,False,False,Congression?,False
109,109,160,30,6162,True,6054.6145.6162,511.20359686248185,599.8683838909063,553,3,20250627,3,6145.0,6054.0,6194.0,2030.0,33.833333333333336,False,5299,True,83,tomeasure:6162:544,499.672,596.209,544,9,63,1967.0,32.78333333333333,1.05,70.0,060-090,060-090,63.46666666666667,64.51666666666667,"(60, 90]",20250627330,2025062736162,False,False,False,False,False,False,False,False,False,Unclear,False
110,110,18,5,6184,True,6184,1265.7525074743617,932.0855071406946,285,4,20250704,1,,,,,,,6462,,6,tomeasure:6184:269,1025.032,681.145,269,16,112,,,1.8666666666666667,,,090-120,31.383333333333333,33.25,"(90, 120]",2025070445,2025070446184,False,False,False,False,False,False,False,False,False,Motile,False
111,111,162,30,6194,True,6054.6145.6194,512.9989897462351,470.4619891157759,577,3,20250627,3,6145.0,6054.0,6162.0,2198.0,36.63333333333333,True,6378,True,91,tomeasure:6194:568,519.145,484.756,568,9,63,2135.0,35.583333333333336,1.05,70.0,060-090,060-090,66.26666666666667,67.31666666666666,"(60, 90]",20250627330,2025062736194,False,False,False,False,False,False,False,False,False,,False
112,112,164,31,6220,True,6220,407.7613453293199,699.1674210769457,67,3,20250627,1,,,,,,,2925,,23,tomeasure:6220:1,457.825,710.561,1,66,462,,,7.7,,,> 120 min,0.1166666666666666,7.816666666666666,"(450, 480]",20250627331,2025062736220,False,False,False,False,False,False,False,False,False,Unclear,False
113,113,166,31,6239,True,6220.6239,453.88913172728536,612.9885626567948,333,3,20250627,2,6220.0,,,1862.0,31.03333333333333,,5498,,53,tomeasure:6239:324,445.81,609.053,324,9,63,1799.0,29.98333333333333,1.05,462.0,> 120 min,060-090,37.8,38.85,"(60, 90]",20250627331,2025062736239,False,False,False,False,False,False,False,False,False,,False
114,114,22,7,6240,True,6240,868.0037653547587,1164.6580355189626,81,4,20250704,1,,,,,,,5937,,38,tomeasure:6240:72,849.359,1184.131,72,9,63,,,1.05,,,060-090,8.4,9.45,"(60, 90]",2025070447,2025070446240,False,False,False,False,False,False,False,False,False,,False
115,115,24,7,6256,True,6240.6256,916.89371490696,1037.8756239683391,305,4,20250704,2,6240.0,,6344.0,1568.0,26.133333333333333,False,6601,,7,tomeasure:6256:297,925.594,1028.346,297,8,56,1512.0,25.2,0.9333333333333332,63.0,060-090,030-060,34.65,35.583333333333336,"(30, 60]",2025070447,2025070446256,False,False,False,False,False,False,False,False,False,,False
116,116,168,32,6265,True,6265,662.4309205324583,546.6971331028325,94,3,20250627,1,,,,,,,2445,,28,tomeasure:6265:1,684.459,580.879,1,93,651,,,10.85,,,> 120 min,0.1166666666666666,10.966666666666669,"(630, 660]",20250627332,2025062736265,False,False,False,False,False,False,False,False,False,,False
117,117,170,32,6294,True,6265.6294,704.5535997282052,484.13459646128064,467,3,20250627,2,6265.0,,,2611.0,43.516666666666666,,5299,,65,tomeasure:6294:456,715.119,489.314,456,11,77,2534.0,42.23333333333333,1.2833333333333334,651.0,> 120 min,060-090,53.2,54.48333333333333,"(60, 90]",20250627332,2025062736294,False,False,False,True,False,False,False,False,False,Congression or Monopolar?,True
118,118,172,33,6336,True,6336,432.3444171222476,662.2928133875542,188,3,20250627,1,,,,,,,5551,,35,tomeasure:6336:182,427.58,664.986,182,6,42,,,0.7,,,030-060,21.23333333333333,21.933333333333334,"(30, 60]",20250627333,2025062736336,False,False,False,False,False,False,False,False,False,Weak signal,False
119,119,32,8,6368,True,6368,960.811805182666,1045.3334128830818,120,4,20250704,1,,,,,,,5989,,2,tomeasure:6368:112,951.282,1040.776,112,8,56,,,0.9333333333333332,,,030-060,13.066666666666666,14.0,"(30, 60]",2025070448,2025070446368,False,False,False,False,False,False,False,False,False,,False
120,120,174,34,6378,True,6378,440.21652438178063,508.16523967459193,144,3,20250627,1,,,,,,,2547,,30,tomeasure:6378:134,445.81,510.858,134,10,70,,,1.1666666666666667,,,060-090,15.633333333333333,16.8,"(60, 90]",20250627334,2025062736378,False,False,False,False,False,False,False,False,False,,False
121,121,176,34,6395,True,6378.6395,461.7612389868184,547.5257759722571,353,3,20250627,2,6378.0,,6455.0,1463.0,24.383333333333333,False,2746,,56,tomeasure:6395:347,456.168,557.677,347,6,42,1421.0,23.683333333333334,0.7,70.0,060-090,030-060,40.48333333333333,41.18333333333333,"(30, 60]",20250627334,2025062736395,False,False,False,False,False,False,False,False,False,,False
122,122,178,34,6405,True,6378.6395.6405,485.7918822001297,651.5204560850353,611,3,20250627,3,6395.0,6378.0,6432.0,1806.0,30.1,False,2501,False,97,tomeasure:6405:602,486.413,647.584,602,9,63,1743.0,29.05,1.05,42.0,030-060,060-090,70.23333333333333,71.28333333333333,"(60, 90]",20250627334,2025062736405,False,False,False,False,False,False,False,False,False,,False
123,123,180,34,6432,True,6378.6395.6432,540.8966330168608,596.4157052683042,588,3,20250627,3,6395.0,6378.0,6405.0,1645.0,27.416666666666668,True,6669,True,95,tomeasure:6432:578,534.475,597.037,578,10,70,1575.0,26.25,1.1666666666666667,42.0,030-060,060-090,67.43333333333334,68.6,"(60, 90]",20250627334,2025062736432,False,False,False,False,False,False,False,False,False,,False
124,124,182,34,6455,True,6378.6455,449.7459173801627,544.211204494559,317,3,20250627,2,6378.0,,6395.0,1211.0,20.183333333333334,True,6220,,48,tomeasure:6455:310,449.539,550.633,310,7,49,1162.0,19.366666666666667,0.8166666666666667,70.0,060-090,030-060,36.16666666666666,36.98333333333333,"(30, 60]",20250627334,2025062736455,False,False,False,False,False,False,False,False,False,,False
125,125,40,8,6462,True,6368.6462,938.4384384384384,893.6917049499831,402,4,20250704,2,6368.0,,6390.0,1974.0,32.9,True,6061,,11,tomeasure:6462:393,916.479,904.878,393,9,63,1911.0,31.85,1.05,56.0,030-060,060-090,45.85,46.9,"(60, 90]",2025070448,2025070446462,False,False,False,False,False,False,False,False,False,,False
126,126,184,34,6483,True,6378.6455.6483,401.6846309535401,533.8531686267523,589,3,20250627,3,6455.0,6378.0,,1904.0,31.73333333333333,,2724,True,96,tomeasure:6483:582,401.063,541.518,582,7,49,1855.0,30.916666666666668,0.8166666666666667,49.0,030-060,030-060,67.9,68.71666666666667,"(30, 60]",20250627334,2025062736483,False,False,False,False,False,False,False,False,False,,False
127,127,46,9,6506,True,6506,1148.9138144767282,926.0087902472007,185,4,20250704,1,,,,,,,6184,,4,tomeasure:6506:176,1146.842,938.024,176,9,63,,,1.05,,,060-090,20.53333333333333,21.58333333333333,"(60, 90]",2025070449,2025070446506,False,False,False,False,False,False,False,False,False,,False
128,128,186,35,6515,True,6515,477.5054535058844,562.8556690566109,82,3,20250627,1,,,,,,,6095,,27,tomeasure:6515:71,558.92,491.385,71,11,77,,,1.2833333333333334,,,060-090,8.283333333333333,9.566666666666666,"(60, 90]",20250627335,2025062736515,False,False,False,False,False,False,False,False,False,Unclear,False
129,129,52,10,6558,True,6558,655.8711028909704,1172.9444676464543,126,4,20250704,1,,,,,,,5937,,3,tomeasure:6558:104,654.628,1143.528,104,22,154,,,2.566666666666667,,,> 120 min,12.133333333333333,14.7,"(150, 180]",20250704410,2025070446558,True,False,False,False,False,False,False,False,False,,True
130,130,188,35,6574,True,6515.6574,363.15273752529953,794.8756724954787,350,3,20250627,2,6515.0,,,1876.0,31.266666666666666,,2574,,55,tomeasure:6574:343,357.974,798.397,343,7,49,1827.0,30.45,0.8166666666666667,77.0,060-090,030-060,40.016666666666666,40.833333333333336,"(30, 60]",20250627335,2025062736574,False,False,False,False,False,False,False,False,False,Not in focus,False
131,131,54,12,6591,True,6591,649.241957188977,792.5972329945839,200,4,20250704,1,,,,,,,6535,,5,tomeasure:6591:194,627.283,802.127,194,6,42,,,0.7,,,030-060,22.633333333333333,23.33333333333333,"(30, 60]",20250704412,2025070446591,False,False,False,False,False,False,False,False,False,,False
132,132,56,12,6601,True,6591.6601,795.0831626328314,805.0268811858215,399,4,20250704,2,6591.0,,6645.0,1393.0,23.216666666666665,False,6443,,10,tomeasure:6601:391,802.955,835.272,391,8,56,1337.0,22.28333333333333,0.9333333333333332,42.0,030-060,030-060,45.61666666666667,46.55,"(30, 60]",20250704412,2025070446601,False,False,False,False,False,False,False,False,False,,False
133,133,190,36,6617,True,6617,590.2008837476202,652.3490989544599,273,3,20250627,1,,,,,,,6145,,44,tomeasure:6617:266,580.879,640.541,266,7,49,,,0.8166666666666667,,,030-060,31.03333333333333,31.85,"(30, 60]",20250627336,2025062736617,False,False,False,False,False,False,False,False,False,,False
134,134,62,13,6665,True,6665,850.6022578870261,496.7716060431292,319,4,20250704,1,,,,,,,6535,,8,tomeasure:6665:312,843.559,490.557,312,7,49,,,0.8166666666666667,,,030-060,36.4,37.21666666666667,"(30, 60]",20250704413,2025070446665,False,False,False,False,False,False,False,False,False,,False
135,135,192,37,6669,True,6669,408.3137739089363,560.7840618830495,258,3,20250627,1,,,,,,,6239,,40,tomeasure:6669:250,409.764,564.306,250,8,56,,,0.9333333333333332,,,030-060,29.166666666666668,30.1,"(30, 60]",20250627337,2025062736669,False,False,False,False,False,False,False,False,False,,False
136,136,14,0,6711,True,6711,309.15284386780104,343.95584438363124,160,4,20250627,1,,,,,,,7084,,28,tomeasure:6711:152,315.713,345.13,152,8,56,,,0.9333333333333332,,,030-060,17.733333333333334,18.666666666666668,"(30, 60]",2025062740,2025062746711,False,False,False,False,False,False,False,False,False,,False
137,137,68,14,6723,True,6723,348.4444709610272,788.4540169308381,73,4,20250704,1,,,,,,,6684,,37,tomeasure:6723:67,326.485,777.267,67,6,42,,,0.7,,,030-060,7.816666666666666,8.516666666666667,"(30, 60]",20250704414,2025070446723,False,False,False,False,False,False,False,False,False,,False
138,138,72,15,6764,True,6764,419.7077872574561,854.745473950772,71,4,20250704,1,,,,,,,6506,,36,tomeasure:6764:61,412.664,852.674,61,10,70,,,1.1666666666666667,,,060-090,7.116666666666666,8.283333333333333,"(60, 90]",20250704415,2025070446764,False,False,False,False,False,False,False,False,False,,False
139,139,20,1,6798,True,6798,346.3036658470008,482.33920357752754,68,4,20250627,1,,,,,,,7976,,20,tomeasure:6798:1,360.46,469.841,1,67,469,,,7.816666666666666,,,> 120 min,0.1166666666666666,7.933333333333334,"(450, 480]",2025062741,2025062746798,False,False,False,False,False,False,False,False,False,,False
140,140,2,2,6845,True,6845,518.8687583831071,881.2620567587454,61,5,20250704,1,,,,,,,7000,,24,tomeasure:6845:54,525.36,871.733,54,7,49,,,0.8166666666666667,,,030-060,6.3,7.116666666666666,"(30, 60]",2025070452,2025070456845,False,False,False,False,False,False,False,False,False,,False
141,141,26,3,6893,True,6893,450.16023881487496,474.1908820281863,60,4,20250627,1,,,,,,,9615,,1,tomeasure:6893:44,444.153,463.211,44,16,112,,,1.8666666666666667,,,090-120,5.133333333333334,7.0,"(90, 120]",2025062743,2025062746893,False,False,False,False,False,False,False,False,False,,False
142,142,8,3,6897,True,6897,806.1317388028205,481.3035994051447,112,5,20250704,1,,,,,,,6825,,3,tomeasure:6897:106,807.098,457.411,106,6,42,,,0.7,,,030-060,12.366666666666667,13.066666666666666,"(30, 60]",2025070453,2025070456897,False,False,False,True,True,False,False,False,False,MN from previous division,True
143,143,18,4,6987,True,6987,819.1138158025575,234.09170760164136,97,5,20250704,1,,,,,,,7177,,32,tomeasure:6987:93,812.899,236.992,93,4,28,,,0.4666666666666667,,,000-030 min,10.85,11.316666666666666,"(0, 30]",2025070454,2025070456987,False,False,False,False,False,False,False,False,False,,False
144,144,32,5,7138,True,7138,911.9218556304648,649.241957188977,113,5,20250704,1,,,,,,,7404,,4,tomeasure:7138:107,903.221,629.769,107,6,42,,,0.7,,,030-060,12.483333333333333,13.183333333333334,"(30, 60]",2025070455,2025070457138,False,False,False,False,False,False,False,False,False,,False
145,145,52,7,7191,True,7191,259.98670028194573,228.4982712438137,136,4,20250627,1,,,,,,,9307,,26,tomeasure:7191:131,254.393,229.12,131,5,35,,,0.5833333333333334,,,030-060,15.283333333333331,15.866666666666667,"(30, 60]",2025062747,2025062747191,False,False,False,False,False,False,False,False,False,Bumpy daughter nucleus,False
146,146,42,6,7230,True,7230,1025.4459757771017,626.8685904447493,103,5,20250704,1,,,,,,,6874,,1,tomeasure:7230:96,1014.259,636.398,96,7,49,,,0.8166666666666667,,,030-060,11.2,12.016666666666667,"(30, 60]",2025070456,2025070457230,True,False,False,False,True,False,False,False,False,,True
147,147,54,8,7244,True,7244,337.8791300078514,235.5417356339221,80,4,20250627,1,,,,,,,9335,,21,tomeasure:7244:65,334.772,236.163,65,15,105,,,1.75,,,090-120,7.583333333333333,9.333333333333334,"(90, 120]",2025062748,2025062747244,False,False,False,False,False,False,False,False,False,,False
148,148,44,7,7268,True,7268,892.8630617372339,550.6334148718254,93,5,20250704,1,,,,,,,7448,,31,tomeasure:7268:81,885.82,551.876,81,12,84,,,1.4,,,060-090,9.45,10.85,"(60, 90]",2025070457,2025070457268,False,False,False,False,False,False,False,False,False,,False
149,149,50,9,7346,True,7346,481.3035994051447,240.44463889938504,93,5,20250704,1,,,,,,,7138,,30,tomeasure:7346:85,461.554,225.391,85,8,56,,,0.9333333333333332,,,030-060,9.916666666666666,10.85,"(30, 60]",2025070459,2025070457346,False,False,False,False,False,False,False,False,False,,False
150,150,58,10,7426,True,7426,570.7970663820554,105.65200962551955,110,5,20250704,1,,,,,,,7210,,2,tomeasure:7426:104,571.764,100.266,104,6,42,,,0.7,,,030-060,12.133333333333333,12.833333333333334,"(30, 60]",20250704510,2025070457426,False,False,False,False,False,False,False,False,False,,False
151,151,70,11,7469,True,7469,577.35691927154,255.42916450011083,66,4,20250627,1,,,,,,,7191,,16,tomeasure:7469:33,595.38,278.838,33,33,231,,,3.85,,,> 120 min,3.85,7.7,"(210, 240]",20250627411,2025062747469,False,False,False,False,False,False,True,False,False,,True
152,152,0,0,7515,True,7515,693.4362618689329,687.9119737839384,58,6,20250704,1,,,,,,,8765,,48,tomeasure:7515:30,690.26,710.976,30,28,196,,,3.2666666666666666,,,> 120 min,3.5,6.766666666666667,"(180, 210]",2025070460,2025070467515,True,False,False,False,True,False,False,False,False,,True
153,153,74,12,7553,True,7553,534.6818114961768,632.4616700882711,66,4,20250627,1,,,,,,,7022,,15,tomeasure:7553:1,612.367,602.423,1,65,455,,,7.583333333333333,,,> 120 min,0.1166666666666666,7.7,"(450, 480]",20250627412,2025062747553,False,False,False,False,False,False,False,False,False,Unclear,False
154,154,4,1,7557,True,7557,640.1268818487362,669.9580375077063,59,6,20250704,1,,,,,,,8176,,53,tomeasure:7557:12,633.083,660.429,12,47,329,,,5.483333333333333,,,> 120 min,1.4,6.883333333333334,"(300, 330]",2025070461,2025070467557,False,False,False,False,False,False,False,False,False,,False
155,155,76,13,7609,True,7609,545.4541687986957,530.1242757143419,120,4,20250627,1,,,,,,,9250,,24,tomeasure:7609:113,549.39,546.076,113,7,49,,,0.8166666666666667,,,030-060,13.183333333333334,14.0,"(30, 60]",20250627413,2025062747609,False,False,False,False,False,False,False,False,False,,False
156,156,10,2,7625,True,7625,658.3570325292179,752.8223587826236,58,6,20250704,1,,,,,,,8727,,47,tomeasure:7625:1,759.037,828.643,1,57,399,,,6.65,,,> 120 min,0.1166666666666666,6.766666666666667,"(390, 420]",2025070462,2025070467625,False,False,False,False,False,False,False,False,False,,False
157,157,16,3,7686,True,7686,453.6821589801722,650.0706004017262,57,6,20250704,1,,,,,,,8672,,43,tomeasure:7686:38,427.58,641.37,38,19,133,,,2.216666666666667,,,> 120 min,4.433333333333334,6.65,"(120, 150]",2025070463,2025070467686,False,False,False,False,False,False,False,False,False,,False
158,158,82,14,7698,True,7698,334.97887996486554,484.13459646128064,62,4,20250627,1,,,,,,,7022,,6,tomeasure:7698:37,361.703,433.38,37,25,175,,,2.9166666666666665,,,> 120 min,4.316666666666666,7.233333333333333,"(150, 180]",20250627414,2025062747698,False,False,False,False,False,False,False,False,False,,False
159,159,88,15,7777,True,7777,380.5542377832146,400.57977379430736,66,4,20250627,1,,,,,,,7829,,14,tomeasure:7777:10,438.352,382.833,10,56,392,,,6.533333333333333,,,> 120 min,1.1666666666666667,7.7,"(390, 420]",20250627415,2025062747777,False,False,False,False,False,False,False,False,False,Bumpy daughter nucleus,False
160,160,30,4,7817,True,7817,946.72487056593,1096.7092920735304,63,6,20250704,1,,,,,,,8348,,62,tomeasure:7817:56,947.968,1110.382,56,7,49,,,0.8166666666666667,,,030-060,6.533333333333333,7.35,"(30, 60]",2025070464,2025070467817,False,False,False,False,False,False,False,False,False,,False
161,161,36,5,7881,True,7881,872.9756246312537,935.1238655874416,66,6,20250704,1,,,,,,,8688,,64,tomeasure:7881:57,870.075,938.853,57,9,63,,,1.05,,,060-090,6.65,7.7,"(60, 90]",2025070465,2025070467881,False,False,False,False,False,False,False,False,False,,False
162,162,98,18,7945,True,7945,307.21934383914385,405.4135238659504,62,4,20250627,1,,,,,,,9171,,5,tomeasure:7945:25,318.613,423.022,25,37,259,,,4.316666666666666,,,> 120 min,2.9166666666666665,7.233333333333333,"(240, 270]",20250627418,2025062747945,False,False,False,False,False,False,False,False,False,,False
163,163,40,6,7957,True,7957,1121.5685884560055,887.8912024607388,57,6,20250704,1,,,,,,,8297,,42,tomeasure:7957:51,1124.469,901.564,51,6,42,,,0.7,,,030-060,5.95,6.65,"(30, 60]",2025070466,2025070467957,False,False,False,False,False,False,False,False,False,,False
164,164,102,19,8007,True,8007,459.68963181325705,317.57737970695047,61,4,20250627,1,,,,,,,6711,,3,tomeasure:8007:35,468.183,316.542,35,26,182,,,3.033333333333333,,,> 120 min,4.083333333333333,7.116666666666666,"(180, 210]",20250627419,2025062748007,False,False,False,False,False,False,False,False,False,,False
165,165,104,20,8046,True,8046,578.5998835756768,244.2424857628797,62,4,20250627,1,,,,,,,9307,,7,tomeasure:8046:30,593.723,239.063,30,32,224,,,3.733333333333333,,,> 120 min,3.5,7.233333333333333,"(210, 240]",20250627420,2025062748046,False,False,False,False,False,False,False,False,False,,False
166,166,54,7,8088,True,8088,1364.361049791513,1308.0133113245697,64,6,20250704,1,,,,,,,8297,,63,tomeasure:8088:1,1366.433,1313.399,1,63,441,,,7.35,,,> 120 min,0.1166666666666666,7.466666666666667,"(420, 450]",2025070467,2025070468088,False,False,False,False,True,False,True,False,False,,True
167,167,106,21,8092,True,8092,85.9716977027948,331.24998705245514,64,4,20250627,1,,,,,,,6893,,9,tomeasure:8092:39,728.377,489.728,39,25,175,,,2.9166666666666665,,,> 120 min,4.55,7.466666666666667,"(150, 180]",20250627421,2025062748092,False,False,False,False,False,False,False,False,False,,False
168,168,56,8,8127,True,8127,1219.348487560408,1066.8781364145602,59,6,20250704,1,,,,,,,7557,,52,tomeasure:8127:29,1233.021,1034.975,29,30,210,,,3.5,,,> 120 min,3.3833333333333333,6.883333333333334,"(180, 210]",2025070468,2025070468127,True,False,False,False,True,False,False,False,False,,True
169,169,58,9,8176,True,8176,995.6148201181312,609.7432973812664,58,6,20250704,1,,,,,,,7903,,50,tomeasure:8176:32,976.142,649.656,32,26,182,,,3.033333333333333,,,> 120 min,3.733333333333333,6.766666666666667,"(180, 210]",2025070469,2025070468176,False,False,False,False,False,False,False,False,False,,False
170,170,110,22,8189,True,8189,184.3039848745055,39.01526843540487,68,4,20250627,1,,,,,,,7296,,19,tomeasure:8189:4,174.844,67.949,4,64,448,,,7.466666666666667,,,> 120 min,0.4666666666666667,7.933333333333334,"(420, 450]",20250627422,2025062748189,False,False,False,False,False,False,False,False,False,,False
171,171,60,10,8215,True,8215,957.4972323316694,199.2886926661761,58,6,20250704,1,,,,,,,8519,,49,tomeasure:8215:23,902.392,253.565,23,35,245,,,4.083333333333333,,,> 120 min,2.683333333333333,6.766666666666667,"(240, 270]",20250704610,2025070468215,False,False,False,False,False,False,False,False,False,,False
172,172,112,23,8219,True,8219,224.35505689669105,186.651806337875,62,4,20250627,1,,,,,,,8433,,4,tomeasure:8219:29,236.992,195.974,29,33,231,,,3.85,,,> 120 min,3.3833333333333333,7.233333333333333,"(210, 240]",20250627423,2025062748219,False,False,False,False,False,False,False,False,False,,False
173,173,64,11,8267,True,8267,1061.9062771380652,726.3057759746501,98,6,20250704,1,,,,,,,8370,,66,tomeasure:8267:87,1068.95,737.492,87,11,77,,,1.2833333333333334,,,060-090,10.15,11.433333333333334,"(60, 90]",20250704611,2025070468267,False,False,False,False,False,False,False,False,False,,False
174,174,114,24,8270,True,8270,376.8253448708042,246.31409293644103,115,4,20250627,1,,,,,,,7244,,23,tomeasure:8270:110,386.148,245.693,110,5,35,,,0.5833333333333334,,,030-060,12.833333333333334,13.416666666666666,"(30, 60]",20250627424,2025062748270,False,False,False,False,False,False,False,False,False,,False
175,175,76,12,8370,True,8370,823.2570318663034,382.4188426837433,56,6,20250704,1,,,,,,,7625,,39,tomeasure:8370:51,831.958,385.319,51,5,35,,,0.5833333333333334,,,030-060,5.95,6.533333333333333,"(30, 60]",20250704612,2025070468370,True,False,False,False,True,False,False,False,False,,True
176,176,128,25,8475,True,8475,219.79752111485607,341.60802292026176,139,4,20250627,1,,,,,,,8375,,27,tomeasure:8475:132,209.647,338.086,132,7,49,,,0.8166666666666667,,,030-060,15.4,16.216666666666665,"(30, 60]",20250627425,2025062748475,False,False,False,False,False,False,False,False,False,,False
177,177,90,14,8548,True,8548,461.4161622991645,1347.2357567280303,57,6,20250704,1,,,,,,,8945,,44,tomeasure:8548:37,471.498,1334.116,37,20,140,,,2.333333333333333,,,> 120 min,4.316666666666666,6.65,"(120, 150]",20250704614,2025070468548,False,False,False,False,False,False,False,False,False,,False
178,178,92,15,8587,True,8587,415.5645711937103,1530.6421211498473,74,6,20250704,1,,,,,,,7705,,65,tomeasure:8587:64,420.951,1542.934,64,10,70,,,1.1666666666666667,,,060-090,7.466666666666667,8.633333333333333,"(60, 90]",20250704615,2025070468587,False,False,False,False,False,False,False,False,False,,False
179,179,112,18,8793,True,8793,1222.6630604114048,1208.5761257946688,58,6,20250704,1,,,,,,,7583,,46,tomeasure:8793:41,1233.021,1261.195,41,17,119,,,1.9833333333333332,,,090-120,4.783333333333333,6.766666666666667,"(90, 120]",20250704618,2025070468793,False,False,False,False,False,False,False,False,False,,False
180,180,146,27,8819,True,8819,317.9917011416627,569.8991334467192,110,4,20250627,1,,,,,,,7906,,22,tomeasure:8819:100,315.299,568.863,100,10,70,,,1.1666666666666667,,,060-090,11.666666666666666,12.833333333333334,"(60, 90]",20250627427,2025062748819,False,False,False,False,False,False,False,False,False,,False
181,181,122,19,8895,True,8895,676.5871832096997,1390.0489893867375,115,6,20250704,1,,,,,,,8326,,1,tomeasure:8895:110,679.487,1392.121,110,5,35,,,0.5833333333333334,,,030-060,12.833333333333334,13.416666666666666,"(30, 60]",20250704619,2025070468895,False,False,False,False,False,False,False,False,False,,False
182,182,0,0,9031,True,9031,795.0831626328314,1422.642289088205,57,7,20250704,1,,,,,,,9720,,22,tomeasure:9031:27,819.528,1388.806,27,30,210,,,3.5,,,> 120 min,3.15,6.65,"(180, 210]",2025070470,2025070479031,False,False,False,False,False,False,False,False,False,,False
183,183,2,1,9054,True,9054,1388.3917029612394,539.8610531060862,58,7,20250704,1,,,,,,,9601,,23,tomeasure:9054:12,1390.463,464.869,12,46,322,,,5.366666666666666,,,> 120 min,1.4,6.766666666666667,"(300, 330]",2025070471,2025070479054,False,False,False,False,False,False,False,False,False,,False
184,184,6,3,9115,True,9115,533.2319074040928,716.6382718259098,103,7,20250704,1,,,,,,,9572,,1,tomeasure:9115:94,536.961,726.72,94,9,63,,,1.05,,,060-090,10.966666666666669,12.016666666666667,"(60, 90]",2025070473,2025070479115,False,False,False,False,False,False,False,False,False,,False
185,185,8,4,9171,True,9171,1080.136427818547,845.9066130147808,97,7,20250704,1,,,,,,,9410,,31,tomeasure:9171:76,1092.152,855.988,76,21,147,,,2.45,,,> 120 min,8.866666666666667,11.316666666666666,"(120, 150]",2025070474,2025070479171,False,False,False,False,False,False,False,False,False,,False
186,186,170,31,9211,True,9211,455.96073890084665,561.1983833177618,123,4,20250627,1,,,,,,,8007,,25,tomeasure:9211:115,445.81,565.963,115,8,56,,,0.9333333333333332,,,030-060,13.416666666666666,14.35,"(30, 60]",20250627431,2025062749211,False,False,False,False,False,False,False,False,False,Bumpy daughter nucleus,False
187,187,16,7,9306,True,9306,376.6183401944991,916.89371490696,120,7,20250704,1,,,,,,,9572,,3,tomeasure:9306:110,384.49,905.707,110,10,70,,,1.1666666666666667,,,060-090,12.833333333333334,14.0,"(60, 90]",2025070477,2025070479306,True,False,False,False,False,False,True,False,False,,True
188,188,180,32,9374,True,9374,228.4982712438137,654.8350275627334,61,4,20250627,1,,,,,,,10102,,2,tomeasure:9374:42,235.749,637.226,42,19,133,,,2.216666666666667,,,> 120 min,4.9,7.116666666666666,"(120, 150]",20250627432,2025062749374,False,False,False,False,False,False,False,False,False,,False
189,189,192,34,9635,True,9635,429.5822742241658,761.4537434286893,67,4,20250627,1,,,,,,,9062,,17,tomeasure:9635:1,402.72,761.108,1,66,462,,,7.7,,,> 120 min,0.1166666666666666,7.816666666666666,"(450, 480]",20250627434,2025062749635,False,False,False,False,False,False,False,False,False,Unclear,False
190,190,194,35,9690,True,9690,691.9858495419331,243.27573574855103,63,4,20250627,1,,,,,,,7906,,8,tomeasure:9690:34,685.288,245.693,34,29,203,,,3.3833333333333333,,,> 120 min,3.966666666666667,7.35,"(180, 210]",20250627435,2025062749690,False,False,False,False,False,False,False,False,False,,False
191,191,54,11,9707,True,9707,827.1240335257994,300.1069502173255,104,7,20250704,1,,,,,,,9492,,2,tomeasure:9707:99,843.559,295.826,99,5,35,,,0.5833333333333334,,,030-060,11.55,12.133333333333333,"(30, 60]",20250704711,2025070479707,False,False,False,False,False,False,False,False,False,,False
192,192,196,36,9727,True,9727,481.510560708103,82.5190190801926,67,4,20250627,1,,,,,,,6798,,18,tomeasure:9727:11,483.099,56.762,11,56,392,,,6.533333333333333,,,> 120 min,1.2833333333333334,7.816666666666666,"(390, 420]",20250627436,2025062749727,False,False,False,False,False,False,False,False,False,,False
193,193,198,37,9819,True,9819,436.211417179562,44.40144708666431,64,4,20250627,1,,,,,,,6762,,10,tomeasure:9819:17,445.81,46.404,17,47,329,,,5.483333333333333,,,> 120 min,1.9833333333333332,7.466666666666667,"(300, 330]",20250627437,2025062749819,False,False,False,False,False,False,False,False,False,,False
194,194,0,38,10012,True,10012,720.7121356819835,474.7433106078026,64,4,20250627,1,,,,,,,8775,,12,tomeasure:10012:22,444.567,45.575,22,42,294,,,4.9,,,> 120 min,2.566666666666667,7.466666666666667,"(270, 300]",20250627438,20250627410012,False,False,False,False,False,False,False,False,False,,False
195,195,10,41,10276,True,10276,491.4542751411973,266.47773609243785,64,4,20250627,1,,,,,,,7885,,11,tomeasure:10276:32,594.137,239.478,32,32,224,,,3.733333333333333,,,> 120 min,3.733333333333333,7.466666666666667,"(210, 240]",20250627441,20250627410276,False,False,False,False,False,False,False,False,False,,False
196,196,12,42,10379,True,10379,343.95584438363124,438.83545293273977,66,4,20250627,1,,,,,,,7906,,13,tomeasure:10379:1,421.365,386.562,1,65,455,,,7.583333333333333,,,> 120 min,0.1166666666666666,7.7,"(450, 480]",20250627442,20250627410379,False,False,False,False,False,False,False,False,False,,False
197,197,0,0,427812,True,427812,967.4409508846594,167.5240361774578,59,2,20250704,1,,,,,,,428120,,26,tomeasure:427812:23,991.057,149.984,23,36,252,,,4.2,,,> 120 min,2.683333333333333,6.883333333333334,"(240, 270]",2025070420,202507042427812,True,False,False,True,True,False,False,False,False,,True
198,198,2,1,427880,True,427880,758.6228612718678,548.1474852335779,58,2,20250704,1,,,,,,,428732,,24,tomeasure:427880:1,783.896,600.766,1,57,399,,,6.65,,,> 120 min,0.1166666666666666,6.766666666666667,"(390, 420]",2025070421,202507042427880,False,False,False,False,False,False,False,False,False,,False
199,199,6,2,427939,True,427939,1083.4510006695436,817.4565293770592,64,2,20250704,1,,,,,,,428481,,33,tomeasure:427939:13,1191.589,770.638,13,51,357,,,5.95,,,> 120 min,1.5166666666666666,7.466666666666667,"(330, 360]",2025070422,202507042427939,True,False,False,True,True,False,False,False,False,,True
200,200,10,3,427997,True,427997,1460.4836624704174,267.2374361116083,60,2,20250704,1,,,,,,,428525,,27,tomeasure:427997:1,1465.87,256.879,1,59,413,,,6.883333333333334,,,> 120 min,0.1166666666666666,7.0,"(390, 420]",2025070423,202507042427997,False,False,False,False,False,False,False,False,False,,False
201,201,12,4,428044,True,428044,1159.6861762424676,254.80778792037069,56,2,20250704,1,,,,,,,428344,,20,tomeasure:428044:48,1180.817,251.908,48,8,56,,,0.9333333333333332,,,030-060,5.6,6.533333333333333,"(30, 60]",2025070424,202507042428044,True,False,False,False,False,False,False,False,False,,True
202,202,22,6,428167,True,428167,633.4977361467427,1221.8344171986555,63,2,20250704,1,,,,,,,428827,,32,tomeasure:428167:51,608.224,1223.906,51,12,84,,,1.4,,,060-090,5.95,7.35,"(60, 90]",2025070426,202507042428167,False,False,False,False,False,False,False,False,False,,False
203,203,24,7,428215,True,428215,298.72587819607685,648.4133139762279,57,2,20250704,1,,,,,,,428750,,22,tomeasure:428215:27,316.542,650.485,27,30,210,,,3.5,,,> 120 min,3.15,6.65,"(180, 210]",2025070427,202507042428215,False,False,False,False,False,False,False,False,False,,False
204,204,26,8,428259,True,428259,532.1270497870938,1018.2644012666086,60,2,20250704,1,,,,,,,428044,,28,tomeasure:428259:27,558.506,997.686,27,33,231,,,3.85,,,> 120 min,3.15,7.0,"(210, 240]",2025070428,202507042428259,True,False,False,False,True,False,False,False,False,,True
205,205,28,9,428344,True,428344,809.4463116538171,1504.4017527461235,57,2,20250704,1,,,,,,,428467,,23,tomeasure:428344:43,802.127,1488.243,43,14,98,,,1.6333333333333333,,,090-120,5.016666666666667,6.65,"(90, 120]",2025070429,202507042428344,False,False,False,False,False,False,False,False,False,,False
206,206,44,13,428525,True,428525,818.2851725898083,897.834921013729,59,2,20250704,1,,,,,,,428406,,25,tomeasure:428525:52,843.559,915.651,52,7,49,,,0.8166666666666667,,,030-060,6.066666666666666,6.883333333333334,"(30, 60]",20250704213,202507042428525,False,False,False,False,False,False,False,False,False,,False
207,207,48,14,428642,True,428642,731.0014208468955,1133.9982366472432,110,2,20250704,1,,,,,,,428167,,1,tomeasure:428642:102,743.293,1104.581,102,8,56,,,0.9333333333333332,,,030-060,11.9,12.833333333333334,"(30, 60]",20250704214,202507042428642,False,False,False,False,False,False,False,False,False,,False
208,208,56,17,428732,True,428732,1201.9469800926754,1138.1414527109891,78,2,20250704,1,,,,,,,428501,,34,tomeasure:428732:70,1190.76,1161.758,70,8,56,,,0.9333333333333332,,,030-060,8.166666666666666,9.1,"(30, 60]",20250704217,202507042428732,False,False,False,False,False,False,False,False,False,,False
209,209,60,18,428778,True,428778,1022.960046138854,644.270097912482,122,2,20250704,1,,,,,,,428667,,2,tomeasure:428778:114,1024.203,618.168,114,8,56,,,0.9333333333333332,,,030-060,13.3,14.233333333333333,"(30, 60]",20250704218,202507042428778,False,False,False,False,False,False,False,False,False,,False
