LABEL,ID,TRACK_ID,QUALITY,POSITION_X,POSITION_Y,POSITION_Z,POSITION_T,FRAME,RADIUS,VISIBILITY,MANUAL_SPOT_COLOR,MEAN_INTENSITY_CH1,MEDIAN_INTENSITY_CH1,MIN_INTENSITY_CH1,MAX_INTENSITY_CH1,TOTAL_INTENSITY_CH1,STD_INTENSITY_CH1,CONTRAST_CH1,SNR_CH1
Label,Spot ID,Track ID,Quality,X,Y,Z,T,Frame,Radius,Visibility,Manual spot color,Mean intensity ch1,Median intensity ch1,Min intensity ch1,Max intensity ch1,Sum intensity ch1,Std intensity ch1,Contrast ch1,Signal/Noise ratio ch1
Label,Spot ID,Track ID,Quality,X,Y,Z,T,Frame,R,Visibility,Spot color,Mean ch1,Median ch1,Min ch1,Max ch1,Sum ch1,Std ch1,Ctrst ch1,SNR ch1
,,,(quality),(micron),(micron),(micron),(sec),,(micron),,,(counts),(counts),(counts),(counts),(counts),(counts),,
ID2000,2000,0,-1.0,961.6404483954152,1048.6479857340785,0.0,0.0,0,5.0,1,,36.86046511627907,36.0,0.0,103.0,4755.0,22.632852292783976,0.2716024226078775,0.6957189138362263
ID2017,2017,0,-1.0,1005.2823242668716,980.6992422886462,0.0,342416.67276000977,817,5.0,1,,36.906976744186046,38.0,0.0,136.0,4761.0,31.91503413862764,0.43054549987773355,0.696082206460682
ID2002,2002,0,-1.0,986.4997447778904,921.0369309707057,0.0,46521.726654052734,111,5.0,1,,92.0077519379845,86.0,0.0,255.0,11869.0,65.88478296949901,0.6279609485833229,1.077352811895335
ID2019,2019,0,-1.0,1032.3513358833447,911.6456412262152,0.0,58676.05163574219,140,5.0,1,,34.55038759689923,30.0,0.0,118.0,4457.0,29.13839853835219,0.37514375426441926,0.6469442542280117
ID2004,2004,0,-1.0,994.7861769053821,916.8937149069599,0.0,50712.87319946289,121,5.0,1,,73.78294573643412,52.0,0.0,255.0,9518.0,72.42851661728166,0.5969880610821712,0.7616235629518355
ID2021,2021,0,-1.0,1047.2669137128298,887.8912024607388,0.0,342416.67276000977,817,5.0,1,,26.333333333333332,12.0,0.0,132.0,3397.0,32.04131447574106,0.165045497332915,0.23285539403978708
ID2006,2006,0,-1.0,998.1007497563788,925.1801470344516,0.0,51131.987854003906,122,5.0,1,,52.883720930232556,15.0,0.0,255.0,6822.0,75.1401428069345,0.6464394579803858,0.5526651454231292
ID2008,2008,0,-1.0,988.1570312033888,907.778639566719,0.0,51131.987854003906,122,5.0,1,,59.89922480620155,27.0,0.0,255.0,7727.0,74.02753340831626,0.83935715766699,0.7384798508136806
ID2011,2011,0,-1.0,1026.2746189898508,936.5049376086904,0.0,57418.70767211914,137,5.0,1,,34.83720930232558,25.0,0.0,169.0,4494.0,33.82047981107251,0.3722627737226277,0.5588637179349419
ID2013,2013,0,-1.0,1022.9600461388541,949.2108002041776,0.0,63705.427490234375,152,5.0,1,,46.36434108527132,41.0,0.0,129.0,5981.0,31.112933902281735,0.5055052535389003,1.0007290787427991
ID2015,2015,0,-1.0,1037.3231951598398,911.6456412262152,0.0,261527.54443359375,624,5.0,1,,42.07751937984496,31.0,0.0,156.0,5428.0,38.28748416647991,0.48861852275839573,0.7214559208355003
ID2048,2048,1,-1.0,878.2236983119984,1210.509626624417,0.0,190278.0531616211,454,5.0,1,,30.07751937984496,26.0,0.0,114.0,3880.0,27.801363614010903,0.4504348431258995,0.6719541905737888
ID2050,2050,1,-1.0,906.6737819497201,1007.7682539051192,0.0,273262.7547607422,652,5.0,1,,31.75968992248062,31.0,0.0,84.0,4097.0,20.263026363381677,0.4929253145812174,1.0350110345722
ID2052,2052,1,-1.0,885.681487226741,991.7478184586352,0.0,342416.67276000977,817,5.0,1,,34.53488372093023,34.0,0.0,97.0,4455.0,19.527243193656037,0.4443862406146325,1.0882390843449359
ID2054,2054,1,-1.0,866.3464789292603,1150.294886497977,0.0,186506.02127075195,445,5.0,1,,33.06201550387597,32.0,0.0,103.0,4265.0,20.12179785782096,0.5494293409340693,1.1652862218091835
ID2056,2056,1,-1.0,961.3642339911654,927.6660766726991,0.0,342416.67276000977,817,5.0,1,,29.48062015503876,26.0,0.0,96.0,3803.0,19.18458885700716,0.004973463499177561,0.015209623202226855
ID2058,2058,1,-1.0,933.742793566193,1225.9776332624015,0.0,105197.77828979492,251,5.0,1,,26.891472868217054,22.0,0.0,163.0,3469.0,28.45452520856676,0.4070494651332003,0.5468032218306733
ID2060,2060,1,-1.0,553.9479877228222,1262.437934623365,0.0,183572.21868896484,438,5.0,1,,37.10077519379845,35.0,0.0,123.0,4786.0,29.176950706326046,0.3329476664623521,0.6352372466420139
ID2062,2062,1,-1.0,433.5185074699424,1142.2846687747349,0.0,212491.12985229492,507,5.0,1,,60.992248062015506,14.0,0.0,255.0,7868.0,80.25910152087415,0.5096452443287545,0.5131016553747363
ID2064,2064,1,-1.0,439.04279555493673,1147.25652805123,0.0,213748.47381591797,510,5.0,1,,79.76744186046511,54.0,0.0,255.0,10290.0,81.55476607278108,0.7396289354538692,0.8316940301526888
ID2066,2066,1,-1.0,454.51080219292135,1154.4381025617229,0.0,214586.703125,512,5.0,1,,31.65891472868217,7.0,0.0,255.0,4084.0,55.18130572882436,0.28461784605088414,0.25422732199716797
ID2068,2068,1,-1.0,433.5185074699424,1142.2846687747349,0.0,214586.703125,512,5.0,1,,52.89922480620155,23.0,0.0,255.0,6824.0,69.80081537861417,0.5716505269463756,0.5513069067457104
ID2071,2071,1,-1.0,432.96607866144285,1139.5225247322378,0.0,221292.53759765625,528,5.0,1,,29.891472868217054,24.0,0.0,116.0,3856.0,28.216861179886074,0.4016409528624834,0.6071134014918763
ID2073,2073,1,-1.0,475.50309691590036,1148.3613856682289,0.0,234704.20654296875,560,5.0,1,,33.263565891472865,28.0,0.0,100.0,4291.0,21.407329126027786,0.504966601713895,1.042730571308439
ID2075,2075,1,-1.0,353.96875904602166,1054.4484882233226,0.0,342416.67276000977,817,5.0,1,,31.3953488372093,29.0,0.0,96.0,4050.0,20.657330192880075,0.34260851165128153,0.7756572733295424
ID2077,2077,1,-1.0,450.09137172492586,1148.9138144767282,0.0,215005.81777954102,513,5.0,1,,49.03875968992248,25.0,0.0,255.0,6326.0,58.49764993954554,0.6715556144307879,0.673584689859701
ID2079,2079,1,-1.0,593.7228619347824,1336.739609366541,0.0,323137.39865112305,771,5.0,1,,28.31782945736434,28.0,0.0,109.0,3653.0,19.124176655530512,0.3573638327971353,0.7796892296241804
ID2081,2081,1,-1.0,557.2625605738189,1266.581150687111,0.0,342416.67276000977,817,5.0,1,,18.767441860465116,11.0,0.0,126.0,2421.0,23.223611243431684,0.07115889358202021,0.10736942089303983
ID2023,2023,1,-1.0,783.2059432500934,1017.1595436496098,0.0,0.0,0,5.0,1,,39.007751937984494,36.0,0.0,110.0,5032.0,25.379154870444058,0.49259434859061874,1.0144984642533
ID2025,2025,1,-1.0,827.9526767385487,981.804099905645,0.0,43168.80941772461,103,5.0,1,,64.7984496124031,21.0,0.0,255.0,8359.0,81.26743849831566,0.5915370107663496,0.5927113165313469
ID2027,2027,1,-1.0,826.8478191215497,984.0138151396429,0.0,43587.924072265625,104,5.0,1,,69.24031007751938,31.0,0.0,255.0,8932.0,79.79209069452374,0.6480905734524209,0.6824703443090966
ID2029,2029,1,-1.0,829.0575343555475,975.7273830121511,0.0,44007.03872680664,105,5.0,1,,54.372093023255815,25.0,0.0,255.0,7014.0,65.81924464103396,0.8199129054930405,0.7443381360802872
ID2031,2031,1,-1.0,820.7711022280558,986.2235303736408,0.0,44007.03872680664,105,5.0,1,,37.63565891472868,16.0,0.0,246.0,4855.0,51.46554338591745,0.5108906572467058,0.49454735347058043
ID2034,2034,1,-1.0,824.638103887552,985.6711015651413,0.0,44426.153381347656,106,5.0,1,,36.263565891472865,5.0,0.0,255.0,4678.0,67.42003589668339,0.5936209065528224,0.4007150857549449
ID2036,2036,1,-1.0,850.0498290785265,1039.2566959895876,0.0,175609.04025268555,419,5.0,1,,59.36434108527132,53.0,0.0,255.0,7658.0,43.1966683438405,0.5612365041173879,0.9880583869857498
ID2038,2038,1,-1.0,856.1265459720206,1054.7247026275725,0.0,176866.3842163086,422,5.0,1,,65.88372093023256,63.0,0.0,226.0,8499.0,50.39788994637089,0.6726566965435371,1.0514349701017935
ID2040,2040,1,-1.0,864.9654069080117,1054.1722738190726,0.0,177285.4988708496,423,5.0,1,,37.12403100775194,15.0,0.0,230.0,4789.0,52.44848778681832,0.6813950806515244,0.5736954068526853
ID2042,2042,1,-1.0,850.6022578870261,1065.220849989062,0.0,177285.4988708496,423,5.0,1,,37.17829457364341,14.0,0.0,251.0,4796.0,50.88197888441249,0.6504140230132273,0.5759071328615399
ID2046,2046,1,-1.0,872.699410227004,1162.448320284965,0.0,185667.79196166992,443,5.0,1,,30.635658914728683,26.0,0.0,101.0,3952.0,26.452179135333104,0.5005538899026426,0.7726717069139115
ID2112,2112,2,-1.0,837.620180887289,941.4767968851854,0.0,295475.831451416,705,5.0,1,,44.968992248062015,37.0,0.0,173.0,5801.0,39.932939486190506,0.7680685511032718,0.978391688179137
ID2114,2114,2,-1.0,827.676462334299,1090.6325751800364,0.0,342416.67276000977,817,5.0,1,,32.52713178294574,31.0,0.0,105.0,4196.0,19.31849725626479,0.4180600203042766,0.9927649792432547
ID2116,2116,2,-1.0,821.0473166323055,946.4486561616804,0.0,295894.94610595703,706,5.0,1,,31.54263565891473,20.0,0.0,106.0,4069.0,31.167142091055297,0.5150750534256803,0.6881250425658609
ID2118,2118,2,-1.0,847.0114706317796,1156.371603391471,0.0,342416.67276000977,817,5.0,1,,25.713178294573645,19.0,0.0,102.0,3317.0,25.86539489551194,0.19351429149706526,0.32236810333873744
ID2120,2120,2,-1.0,633.2215217424931,942.0292256936847,0.0,186086.90661621094,444,5.0,1,,64.0,20.0,0.0,255.0,8256.0,80.13679710345305,0.8111617054905356,0.7153658460490714
ID2122,2122,2,-1.0,832.0958928022945,1218.243629943409,0.0,270328.9521789551,645,5.0,1,,39.89922480620155,40.0,0.0,127.0,5147.0,30.921737136185936,0.4255743023126048,0.7703997043151062
ID2124,2124,2,-1.0,855.2979027592712,1371.2664098977564,0.0,306791.92712402344,732,5.0,1,,64.87596899224806,59.0,0.0,224.0,8369.0,44.22616020099451,0.6895038484036864,1.1973252122989368
ID2126,2126,2,-1.0,855.8503315677709,1362.4275489617653,0.0,308468.3857421875,736,5.0,1,,53.3875968992248,46.0,0.0,164.0,6887.0,41.18675266346256,0.47629571499956813,0.8364040591758238
ID2128,2128,2,-1.0,852.5357587167742,1355.798403259772,0.0,309306.61505126953,738,5.0,1,,47.58914728682171,33.0,0.0,186.0,6139.0,44.834001536762806,0.633028684745132,0.8229245011824001
ID2130,2130,2,-1.0,843.6968977807829,1370.1615522807574,0.0,309306.61505126953,738,5.0,1,,22.27906976744186,15.0,0.0,112.0,2874.0,24.841993410914252,0.634534097793065,0.6963083236757793
ID2133,2133,2,-1.0,860.2697620357662,1330.9391068772968,0.0,315593.33486938477,753,5.0,1,,34.310077519379846,33.0,0.0,128.0,4426.0,24.903187060599162,0.645946321516049,1.081377990090709
ID2135,2135,2,-1.0,810.551169270816,1228.1873484963992,0.0,342416.67276000977,817,5.0,1,,26.387596899224807,25.0,0.0,79.0,3404.0,18.700898239422628,0.34607432149610556,0.7255506013316239
ID2137,2137,2,-1.0,863.5843348867629,1351.9314016002756,0.0,316431.5641784668,755,5.0,1,,32.55813953488372,29.0,0.0,118.0,4200.0,25.036818817725777,0.564768918647771,0.9387090525420342
ID2139,2139,2,-1.0,905.0164955242216,1517.6600441501103,0.0,342416.67276000977,817,5.0,1,,32.13178294573643,31.0,0.0,105.0,4145.0,20.89122866366455,0.572550293720575,1.1199791438423097
ID2141,2141,2,-1.0,638.7458098274874,783.2059432500932,0.0,182733.9893798828,436,5.0,1,,54.89147286821706,41.0,0.0,254.0,7081.0,57.79776708355575,0.45735436957639686,0.5960895172849205
ID2143,2143,2,-1.0,632.6690929339935,783.7583720585928,0.0,183153.10403442383,437,5.0,1,,72.93023255813954,55.0,0.0,255.0,9408.0,65.85284091804047,0.633377452986942,0.8588931155980071
ID2145,2145,2,-1.0,638.1933810189881,780.9962280160955,0.0,183572.21868896484,438,5.0,1,,46.52713178294574,22.0,0.0,237.0,6002.0,54.00984828010824,0.6735096285579429,0.6933921370996345
ID2083,2083,2,-1.0,445.9481556611799,939.2670816511876,0.0,0.0,0,5.0,1,,30.75968992248062,27.0,0.0,111.0,3968.0,27.296341099185828,0.251920400656685,0.4535175878906969
ID2147,2147,2,-1.0,627.144804848999,780.9962280160955,0.0,183572.21868896484,438,5.0,1,,47.3875968992248,23.0,0.0,251.0,6113.0,55.17504956917792,0.47823712951026265,0.5557137385258613
ID2085,2085,2,-1.0,665.262392635461,960.2593763741665,0.0,45264.38269042969,108,5.0,1,,87.92248062015504,59.0,0.0,255.0,11342.0,83.78307298493202,0.7429276957067971,0.8946245684644707
ID2150,2150,2,-1.0,620.5156591470056,781.5486568245949,0.0,184410.44799804688,440,5.0,1,,18.310077519379846,9.0,0.0,168.0,2362.0,30.67414384746857,-0.32320194844485634,-0.570115172831104
ID2087,2087,2,-1.0,667.4721078694588,952.5253730551743,0.0,45683.4973449707,109,5.0,1,,56.41860465116279,39.0,0.0,255.0,7278.0,58.161238390897346,0.7618078223080637,0.8388910970013121
ID2152,2152,2,-1.0,254.80778792037069,721.8863455066545,0.0,307630.15643310547,734,5.0,1,,12.046511627906977,7.0,0.0,78.0,1554.0,15.158980663865298,-0.12087078784814927,-0.21851937137044083
ID2089,2089,2,-1.0,665.8148214439605,969.6506661186573,0.0,45683.4973449707,109,5.0,1,,44.992248062015506,13.0,0.0,255.0,5804.0,65.45806101572198,0.6138341487656109,0.5228735786565138
ID2154,2154,2,-1.0,164.76189213496056,738.1829953573882,0.0,329424.1184692383,786,5.0,1,,54.44961240310077,21.0,0.0,255.0,7024.0,63.26765579172224,0.6855068153592248,0.7000423420273215
ID2092,2092,2,-1.0,594.5515051475317,960.811805182666,0.0,184829.5626525879,441,5.0,1,,90.44961240310077,70.0,0.0,255.0,11668.0,85.83168132676795,0.7181472995436138,0.8809316708802865
ID2156,2156,2,-1.0,171.94346664545338,735.9732801233905,0.0,330262.3477783203,788,5.0,1,,36.85271317829457,19.0,0.0,199.0,4754.0,42.54246054957803,0.7170937137219736,0.7235337183138454
ID2094,2094,2,-1.0,596.7612203815295,959.7069475656672,0.0,185248.6773071289,442,5.0,1,,93.16279069767442,91.0,0.0,255.0,12018.0,64.97376762702899,0.6896525807692783,1.1704891273440285
ID2158,2158,2,-1.0,151.5036007309738,739.2878529743872,0.0,330262.3477783203,788,5.0,1,,33.98449612403101,20.0,0.0,217.0,4384.0,41.362532958608064,0.6949232012602028,0.6737371445632344
ID2096,2096,2,-1.0,610.0195117855162,949.7632290126771,0.0,185667.79196166992,443,5.0,1,,54.6124031007752,21.0,0.0,255.0,7045.0,66.30920822149244,0.6584456657946364,0.6539825137165127
ID2161,2161,2,-1.0,100.12772154052506,734.8684225063915,0.0,342416.67276000977,817,5.0,1,,14.829457364341085,10.0,0.0,76.0,1913.0,15.873092420334988,0.24116926894376334,0.36306523329102713
ID2098,2098,2,-1.0,599.5233644240267,955.2875170976715,0.0,185667.79196166992,443,5.0,1,,64.13178294573643,40.0,0.0,255.0,8273.0,62.88511099678142,0.4948785844382398,0.675224540542709
ID2163,2163,2,-1.0,74.71599634955044,737.6305665488889,0.0,342416.67276000977,817,5.0,1,,22.93798449612403,20.0,0.0,77.0,2959.0,15.414457467942487,0.4566650322700591,0.9330288440060137
ID2101,2101,2,-1.0,610.0195117855162,948.6583713956782,0.0,186086.90661621094,444,5.0,1,,44.50387596899225,14.0,0.0,255.0,5741.0,65.12981316558874,0.5259081174868439,0.4710093092302282
ID2165,2165,2,-1.0,266.40879289885913,759.1752900803674,0.0,282483.27716064453,674,5.0,1,,27.612403100775193,25.0,0.0,83.0,3562.0,18.743461392209298,0.4108000606744982,0.8579252183293109
ID2103,2103,2,-1.0,850.3260434827762,934.2952223746926,0.0,290027.3409423828,692,5.0,1,,49.69767441860465,44.0,0.0,155.0,6411.0,33.24708743144907,0.4110168300974965,0.8708430062404089
ID2167,2167,2,-1.0,153.16088715647214,739.8402817828866,0.0,316431.5641784668,755,5.0,1,,23.031007751937985,20.0,0.0,73.0,2971.0,15.39071249188133,0.42257109219747974,0.8890168992394908
ID2105,2105,2,-1.0,849.7736146742769,935.9525088001909,0.0,290446.4555969238,693,5.0,1,,53.10077519379845,53.0,0.0,127.0,6850.0,27.27861025637816,0.4278234313054001,1.1665374289809778
ID2169,2169,2,-1.0,247.62621340987783,814.418170930312,0.0,342416.67276000977,817,5.0,1,,23.05426356589147,20.0,0.0,71.0,2974.0,18.00360644318911,0.25807685557290655,0.5253680097311075
ID2107,2107,2,-1.0,848.1163282487785,940.3719392681863,0.0,291703.7995605469,696,5.0,1,,45.68217054263566,35.0,0.0,232.0,5893.0,42.102921605892604,0.6904755456188181,0.8863472513813652
ID2109,2109,2,-1.0,835.4104656532912,954.1826594806727,0.0,291703.7995605469,696,5.0,1,,43.713178294573645,25.0,0.0,255.0,5639.0,55.446510513293575,0.6490445676580183,0.6205978786881815
ID2304,2304,3,-1.0,866.62269333351,1047.8193425213292,0.0,324813.8572692871,775,5.0,1,,15.767441860465116,13.0,0.0,66.0,2034.0,14.83003267649962,0.2176683424286209,0.38011532641204493
ID2177,2177,3,-1.0,1014.121185202863,901.1494938647256,0.0,50293.758544921875,120,5.0,1,,56.18604651162791,37.0,0.0,225.0,7248.0,52.70329203455009,0.8072625448251509,0.9523888033811445
ID2306,2306,3,-1.0,845.0779698020315,1087.0417879247902,0.0,342416.67276000977,817,5.0,1,,18.558139534883722,17.0,0.0,65.0,2394.0,14.74200364643924,0.15595810707468033,0.33968297255167446
ID2179,2179,3,-1.0,1009.149325926368,915.5126428857112,0.0,50293.758544921875,120,5.0,1,,55.58914728682171,25.0,0.0,255.0,7171.0,62.06292326178689,0.8107904817678251,0.802099450561565
ID2308,2308,3,-1.0,916.8937149069599,931.809292736445,0.0,296314.06076049805,707,5.0,1,,33.02325581395349,30.0,0.0,118.0,4260.0,23.02663712837505,0.6168957612207878,1.094332081074721
ID2182,2182,3,-1.0,1056.6582034573203,894.5203481627323,0.0,58256.93698120117,139,5.0,1,,42.52713178294574,40.0,0.0,142.0,5486.0,38.31858180100499,0.4865478309154322,0.72649614592421
ID2310,2310,3,-1.0,900.3208506519765,927.9422910769488,0.0,300924.3219604492,718,5.0,1,,7.604651162790698,3.0,0.0,47.0,981.0,10.074269983362289,-0.15670203499338126,-0.280536446383368
ID2184,2184,3,-1.0,1039.5329103938375,983.4613863311436,0.0,148785.70236206055,355,5.0,1,,69.50387596899225,59.0,0.0,255.0,8966.0,55.54715395935686,0.6650044030148923,0.999508155835021
ID2312,2312,3,-1.0,907.5024251624691,927.9422910769488,0.0,306791.92712402344,732,5.0,1,,24.92248062015504,24.0,0.0,60.0,3215.0,15.432115661776566,0.523238766202305,1.1095010613269547
ID2186,2186,3,-1.0,1044.5047696703325,982.9089575226438,0.0,149204.81701660156,356,5.0,1,,60.604651162790695,52.0,0.0,215.0,7818.0,49.43136317863057,0.48682562359119635,0.8028728203971173
ID2314,2314,3,-1.0,904.7402811199721,915.788857289961,0.0,324394.7426147461,774,5.0,1,,20.015503875968992,17.0,0.0,83.0,2582.0,18.09652267016893,0.4748099581330627,0.7121724176736878
ID2188,2188,3,-1.0,1042.2950544363348,971.8603813526552,0.0,149623.93167114258,357,5.0,1,,41.224806201550386,22.0,0.0,191.0,5318.0,46.71944862522418,0.1354230577586733,0.2104872605331328
ID2316,2316,3,-1.0,887.0625592479896,955.0113026934218,0.0,342416.67276000977,817,5.0,1,,11.279069767441861,4.0,0.0,69.0,1455.0,15.54427986842449,-0.03085830899761645,-0.04620803692225694
ID2190,2190,3,-1.0,1042.2950544363348,982.3565287141446,0.0,149623.93167114258,357,5.0,1,,46.58914728682171,33.0,0.0,221.0,6010.0,49.228836252733515,0.20720897831494195,0.32487874634823577
ID2193,2193,3,-1.0,1053.8960594148232,954.1826594806727,0.0,157167.99545288086,375,5.0,1,,37.68217054263566,33.0,0.0,117.0,4861.0,31.44339768142015,0.5887975333571804,0.8882472324125161
ID2195,2195,3,-1.0,1122.3972316687548,785.1394440798414,0.0,198241.2315979004,473,5.0,1,,30.31782945736434,29.0,0.0,92.0,3911.0,19.140918414536383,0.5067245092634904,1.0653771726535333
ID2197,2197,3,-1.0,746.1932130806302,737.6305665488887,0.0,341997.55810546875,816,5.0,1,,41.02325581395349,38.0,0.0,118.0,5292.0,26.13321196182858,0.6618139133419607,1.2503190042755095
ID2199,2199,3,-1.0,748.4029283146281,740.392710591386,0.0,342416.67276000977,817,5.0,1,,32.674418604651166,24.0,0.0,161.0,4215.0,32.49210548124962,0.47542815010110273,0.6480773411315903
ID2201,2201,3,-1.0,744.5359266551319,732.1062784638943,0.0,342416.67276000977,817,5.0,1,,24.162790697674417,14.0,0.0,160.0,3117.0,30.845327517326883,0.30965435281457476,0.3704317473561082
ID2204,2204,3,-1.0,1053.067416202074,978.7657414588982,0.0,157587.11010742188,376,5.0,1,,43.457364341085274,41.0,0.0,139.0,5606.0,29.079096807226165,0.19096118489523012,0.4792476134223492
ID2206,2206,3,-1.0,1057.4868466700693,965.5074500549114,0.0,170579.66439819336,407,5.0,1,,31.093023255813954,22.0,0.0,136.0,4011.0,29.222059801967543,0.512711953659821,0.7212724206247195
ID2208,2208,3,-1.0,1134.8268798599925,1287.57344541009,0.0,262365.7737426758,626,5.0,1,,26.511627906976745,24.0,0.0,93.0,3420.0,20.223407028996508,0.4148192279953592,0.7687232103261118
ID2210,2210,3,-1.0,1014.3973996071127,1477.6089555339001,0.0,327328.5451965332,781,5.0,1,,39.434108527131784,18.0,0.0,220.0,5087.0,48.70604508189287,0.5553393455613503,0.5781658582537621
ID2212,2212,3,-1.0,1012.7401131816143,1484.2381012358935,0.0,327747.6598510742,782,5.0,1,,37.41860465116279,20.0,0.0,255.0,4827.0,46.84960940245704,0.38598378241540976,0.4448591409279771
ID2214,2214,3,-1.0,1013.8449707986131,1480.3710995763975,0.0,328585.88916015625,784,5.0,1,,21.94573643410853,12.0,0.0,133.0,2831.0,28.384169795173516,0.17900193277915924,0.2347724660815915
ID2216,2216,3,-1.0,998.3769641606285,1495.2866774058825,0.0,328585.88916015625,784,5.0,1,,29.891472868217054,15.0,0.0,177.0,3856.0,38.057982143631335,0.6413340276677156,0.6137886629522487
ID2219,2219,3,-1.0,988.4332456076385,1488.6575317038892,0.0,336549.06759643555,803,5.0,1,,25.58139534883721,19.0,0.0,114.0,3300.0,25.87460678276659,0.5951774422779873,0.7377647989980534
ID2221,2221,3,-1.0,982.9089575226441,1499.1536790653786,0.0,342416.67276000977,817,5.0,1,,20.775193798449614,18.0,0.0,73.0,2680.0,15.428383092371059,0.446773625038855,0.8316519485845556
ID2223,2223,3,-1.0,1019.921687692107,1433.967079662444,0.0,342416.67276000977,817,5.0,1,,16.410852713178294,14.0,0.0,113.0,2117.0,16.47233115859591,0.24298588197449353,0.3895120733270502
ID2225,2225,3,-1.0,1014.6736140113622,920.2082877579566,0.0,54065.790435791016,129,5.0,1,,61.031007751937985,60.0,0.0,150.0,7873.0,37.32855349471436,0.29707665168434955,0.7489317707097914
ID2227,2227,3,-1.0,999.2056073733778,929.0471486939479,0.0,58676.05163574219,140,5.0,1,,35.6124031007752,33.0,0.0,146.0,4594.0,31.35240971538297,0.43932859152206805,0.6934096253716849
ID2229,2229,3,-1.0,993.6813192883831,989.2618888203878,0.0,67058.3447265625,160,5.0,1,,43.06976744186046,42.0,0.0,124.0,5556.0,28.543055757517354,0.5334552577424018,1.0498540973390005
ID2231,2231,3,-1.0,995.8910345223811,998.1007497563788,0.0,70411.26196289062,168,5.0,1,,44.457364341085274,43.0,0.0,113.0,5735.0,25.23297933506923,0.5470608956675896,1.246044174045629
ID2233,2233,3,-1.0,925.7325758429512,1141.179811157736,0.0,119447.67654418945,285,5.0,1,,40.96124031007752,42.0,0.0,110.0,5284.0,27.448930734176372,0.5499517879042248,1.058971060486853
ID2235,2235,3,-1.0,929.5995775024471,1303.8700952608237,0.0,159682.68338012695,381,5.0,1,,46.57364341085271,36.0,0.0,165.0,6008.0,43.245262600695355,0.38516153262460817,0.5989273625086211
ID2237,2237,3,-1.0,930.7044351194462,1297.7933783673298,0.0,160520.91268920898,383,5.0,1,,55.031007751937985,51.0,0.0,182.0,7099.0,35.47929369375541,0.43743689190724716,0.9440372178344667
ID2239,2239,3,-1.0,930.7044351194462,1289.506946239838,0.0,162197.37130737305,387,5.0,1,,51.201550387596896,41.0,0.0,151.0,6605.0,40.19082992521453,0.44958514155968093,0.7902315300528157
ID2241,2241,3,-1.0,938.9908672469379,1298.8982359843287,0.0,162197.37130737305,387,5.0,1,,22.364341085271317,13.0,0.0,153.0,2885.0,31.617572740609795,0.28137100413200683,0.31064332402616074
ID2244,2244,3,-1.0,920.2082877579566,1308.8419545373188,0.0,165131.17388916016,394,5.0,1,,29.51937984496124,23.0,0.0,151.0,3808.0,30.092591689856217,0.32518617104968445,0.48142961897920333
ID2246,2246,3,-1.0,921.8655741834549,1276.2486548358513,0.0,169322.3204345703,404,5.0,1,,22.93798449612403,22.0,0.0,94.0,2959.0,21.30278441967172,0.3556896588489389,0.5650148128208239
ID2248,2248,3,-1.0,948.3821569914285,959.1545187571677,0.0,227998.3720703125,544,5.0,1,,24.217054263565892,21.0,0.0,87.0,3124.0,18.619110327291285,0.3625432383462362,0.6921526755568768
ID2250,2250,3,-1.0,1000.3104649903765,838.1726096957884,0.0,268233.37890625,640,5.0,1,,29.852713178294575,14.0,0.0,172.0,3851.0,38.49758530885284,0.2643456051692335,0.3242549429291132
ID2252,2252,3,-1.0,1008.5968971178683,830.4386063767962,0.0,269071.60821533203,642,5.0,1,,28.170542635658915,21.0,0.0,99.0,3634.0,25.406422671924837,0.21740687695038857,0.39602191195479897
ID2254,2254,3,-1.0,1009.149325926368,824.3618894833022,0.0,269909.83752441406,644,5.0,1,,24.790697674418606,15.0,0.0,106.0,3198.0,28.37188155182341,0.39266275314405047,0.4927247224022832
ID2256,2256,3,-1.0,995.3386057138815,835.4104656532912,0.0,269909.83752441406,644,5.0,1,,24.426356589147286,18.0,0.0,104.0,3151.0,24.367555014877894,0.2779672918744206,0.4360644581602852
ID2259,2259,3,-1.0,992.5764616713844,855.2979027592714,0.0,279549.4745788574,667,5.0,1,,18.25581395348837,13.0,0.0,74.0,2355.0,18.747616127527156,0.21209134625256143,0.3407789360222685
ID2261,2261,3,-1.0,983.1851719268938,875.7377686737509,0.0,282064.1625061035,673,5.0,1,,28.45736434108527,27.0,0.0,109.0,3671.0,19.21059593359954,0.5471360582495107,1.0477330935808904
ID2263,2263,3,-1.0,952.2491586509245,907.778639566719,0.0,285417.07974243164,681,5.0,1,,23.224806201550386,20.0,0.0,96.0,2996.0,19.953555568994744,0.42658897755061465,0.6961014928163713
ID2265,2265,3,-1.0,947.2772993744294,927.6660766726991,0.0,287512.6530151367,686,5.0,1,,13.062015503875969,9.0,0.0,62.0,1685.0,14.908445560520654,0.2636348949597011,0.3655856242081653
ID2267,2267,3,-1.0,948.3821569914285,929.8757919066968,0.0,311402.1883239746,743,5.0,1,,21.11627906976744,18.0,0.0,87.0,2724.0,18.225423480580954,0.4356606554516191,0.7031796637553527
ID2269,2269,3,-1.0,899.2159930349776,1013.2925419901138,0.0,326909.4305419922,780,5.0,1,,23.37984496124031,21.0,0.0,79.0,3016.0,17.557136101903843,0.485711365990136,0.8706864129850699
ID2271,2271,3,-1.0,867.727550950509,1067.9829940315592,0.0,339063.75552368164,809,5.0,1,,19.100775193798448,18.0,0.0,64.0,2464.0,15.690783999513213,0.30084442335180184,0.5630577635422186
ID2273,2273,3,-1.0,857.2314035890195,1078.7553557972983,0.0,342416.67276000977,817,5.0,1,,15.821705426356589,13.0,0.0,70.0,2041.0,14.639655911045125,0.16944837901284704,0.3131906464575977
ID2275,2275,3,-1.0,993.1288904798838,852.8119731210239,0.0,280806.81854248047,670,5.0,1,,30.162790697674417,26.0,0.0,102.0,3891.0,25.008995474651968,0.5596570284541015,0.8655618844349905
ID2277,2277,3,-1.0,998.6531785648782,857.783832397519,0.0,284159.7357788086,678,5.0,1,,23.968992248062015,20.0,0.0,75.0,3092.0,17.636493585964086,0.5056527119354168,0.9128408273745945
ID2279,2279,3,-1.0,1019.6454732878574,798.6739498880779,0.0,297990.5193786621,711,5.0,1,,20.868217054263567,20.0,0.0,68.0,2692.0,16.579533620627558,0.30682142419097663,0.5910340026634866
ID2281,2281,3,-1.0,994.2337480968828,1033.7324079045932,0.0,342416.67276000977,817,5.0,1,,21.24031007751938,20.0,0.0,61.0,2740.0,15.986701110707637,0.4257078270424215,0.79343817876183
ID2283,2283,3,-1.0,930.7044351194462,1300.2793080055774,0.0,167645.86181640625,400,5.0,1,,35.31782945736434,20.0,0.0,175.0,4556.0,36.55923799468388,0.5255465027121424,0.6655988537756518
ID2285,2285,3,-1.0,919.6558589494571,1305.8035960905718,0.0,172675.23767089844,412,5.0,1,,32.74418604651163,31.0,0.0,99.0,4224.0,19.74140599007873,0.577950751631503,1.2150202136140615
ID2287,2287,3,-1.0,927.3898622684495,998.1007497563788,0.0,266976.03494262695,637,5.0,1,,26.085271317829456,22.0,0.0,81.0,3365.0,18.566616129389974,0.13472862036447025,0.33362643078593485
ID2289,2289,3,-1.0,941.2005824809357,920.760716566456,0.0,282902.39181518555,675,5.0,1,,41.55813953488372,32.0,0.0,137.0,5361.0,35.12208772996884,0.6020065853001414,0.8892885778861714
ID2291,2291,3,-1.0,938.4384384384384,937.3335808214396,0.0,284997.9650878906,680,5.0,1,,35.53488372093023,30.0,0.0,131.0,4584.0,24.779668616512733,0.47415794916006593,0.922504338528706
ID2293,2293,3,-1.0,938.4384384384384,931.809292736445,0.0,285836.19439697266,682,5.0,1,,26.03875968992248,14.0,0.0,167.0,3359.0,32.706651440488564,0.4060276266220176,0.4598073794648858
ID2295,2295,3,-1.0,936.7811520129401,945.6200129489313,0.0,285836.19439697266,682,5.0,1,,16.503875968992247,10.0,0.0,113.0,2129.0,19.26222178214383,0.19872176915773931,0.2840773581190805
ID2298,2298,3,-1.0,900.3208506519765,973.2414533739036,0.0,294218.48748779297,702,5.0,1,,22.310077519379846,19.0,0.0,103.0,2878.0,17.788601709386654,0.46428520685318087,0.795331960766829
ID2171,2171,3,-1.0,1092.5660760097846,856.9551891847698,0.0,0.0,0,5.0,1,,42.263565891472865,40.0,0.0,103.0,5452.0,22.253342227855963,0.5083313344409405,1.2801209748679014
ID2300,2300,3,-1.0,888.719845673488,987.0521735863899,0.0,298828.74868774414,713,5.0,1,,23.713178294573645,22.0,0.0,80.0,3059.0,16.549260651182433,0.444478422630728,0.8818217170606423
ID2173,2173,3,-1.0,1011.9114699688649,910.5407836092162,0.0,49455.529235839844,118,5.0,1,,76.01550387596899,37.0,0.0,255.0,9806.0,83.91215500600572,0.6515642140541634,0.7147745142419839
ID2302,2302,3,-1.0,858.8886900145178,1043.9523408618331,0.0,308468.3857421875,736,5.0,1,,19.844961240310077,18.0,0.0,83.0,2560.0,16.500686355233785,0.3819629542157293,0.6648184811312748
ID2175,2175,3,-1.0,1013.0163275858639,910.5407836092162,0.0,49874.64389038086,119,5.0,1,,74.93023255813954,24.0,0.0,255.0,9666.0,89.14351017868175,0.6437548760880036,0.6583863563188195
ID2432,2432,4,-1.0,1297.7933783673295,1234.5402797941429,0.0,284997.9650878906,680,5.0,1,,43.03875968992248,22.0,0.0,255.0,5552.0,49.751476595671136,0.6001300001379717,0.6488941183264354
ID2434,2434,4,-1.0,1300.555522409827,1235.0927086026422,0.0,285836.19439697266,682,5.0,1,,49.87596899224806,25.0,0.0,255.0,6434.0,62.18395187766721,0.6569969061241209,0.6360403241169083
ID2436,2436,4,-1.0,1293.3739478993343,1225.1489900496522,0.0,286674.4237060547,684,5.0,1,,32.58914728682171,15.0,0.0,215.0,4204.0,42.075566767406116,0.8097702386458872,0.6931247185128762
ID2438,2438,4,-1.0,1293.9263767078335,1246.1412847726313,0.0,286674.4237060547,684,5.0,1,,31.05426356589147,18.0,0.0,154.0,4006.0,34.02464871179775,0.6607735397517313,0.7262728461599107
ID2441,2441,4,-1.0,1213.8241994754137,1359.3891905150183,0.0,330681.4624328613,789,5.0,1,,24.07751937984496,22.0,0.0,86.0,3106.0,18.69601077231316,0.5057025200419794,0.8650649733603568
ID2443,2443,4,-1.0,1277.35351245285,1280.9442997080964,0.0,342416.67276000977,817,5.0,1,,24.310077519379846,22.0,0.0,87.0,3136.0,17.113955585287517,0.4619575324903973,0.897704153325547
ID2445,2445,4,-1.0,1155.8191745829715,1382.0387716634955,0.0,342416.67276000977,817,5.0,1,,15.5968992248062,11.0,0.0,81.0,2012.0,15.68912809272961,0.2487570401378645,0.3960653813695036
ID2318,2318,4,-1.0,1237.30242383664,1069.916494861307,0.0,0.0,0,5.0,1,,29.17829457364341,27.0,0.0,98.0,3764.0,20.437958562287932,0.36787136095692535,0.7678972424090786
ID2320,2320,4,-1.0,1307.4608825160701,1067.7067796273093,0.0,42749.694763183594,102,5.0,1,,58.50387596899225,30.0,0.0,255.0,7547.0,64.68724323995029,0.6437198935107844,0.7083780759552071
ID2322,2322,4,-1.0,1309.6705977500678,1072.1262100953052,0.0,44426.153381347656,106,5.0,1,,63.13953488372093,19.0,0.0,255.0,8145.0,80.68309381714968,0.7333573313319909,0.6621804692734519
ID2324,2324,4,-1.0,1319.0618874945585,1078.7553557972985,0.0,44845.26803588867,107,5.0,1,,28.68217054263566,5.0,0.0,187.0,3700.0,45.40374167127571,0.5408078165650132,0.4434501972983412
ID2326,2326,4,-1.0,1305.8035960905718,1068.2592084358087,0.0,44845.26803588867,107,5.0,1,,38.85271317829457,15.0,0.0,255.0,5012.0,53.382918144406474,0.7538811761213089,0.6256792749389977
ID2329,2329,4,-1.0,1308.5657401330689,1077.0980693718002,0.0,45683.4973449707,109,5.0,1,,40.51937984496124,19.0,0.0,229.0,5227.0,48.72035970323293,0.8260847346681652,0.7524644217546097
ID2331,2331,4,-1.0,1205.8139817521715,1238.9597102621383,0.0,158844.45407104492,379,5.0,1,,26.86046511627907,24.0,0.0,129.0,3465.0,23.068764117459274,0.32214195033291015,0.567398775846341
ID2333,2333,4,-1.0,1206.0901961564211,1287.5734454100898,0.0,165131.17388916016,394,5.0,1,,45.651162790697676,33.0,0.0,193.0,5889.0,40.77523205842739,0.544792597600206,0.7896714133958764
ID2335,2335,4,-1.0,1199.4610504544278,1268.2384371126093,0.0,166388.5178527832,397,5.0,1,,60.93798449612403,54.0,0.0,227.0,7861.0,46.65209533376832,0.7550427844732532,1.1239080468318297
ID2337,2337,4,-1.0,1200.0134792629271,1243.379140730134,0.0,166807.63250732422,398,5.0,1,,30.6046511627907,10.0,0.0,255.0,3948.0,44.7313890427927,0.6431618219644579,0.5356054233890661
ID2339,2339,4,-1.0,1198.9086216459286,1266.0287218786113,0.0,166807.63250732422,398,5.0,1,,42.82170542635659,22.0,0.0,255.0,5524.0,52.306257036742736,0.8548467469561039,0.754606500878911
ID2342,2342,4,-1.0,1165.7628931359616,1200.289693667177,0.0,174351.6962890625,416,5.0,1,,35.325581395348834,34.0,0.0,103.0,4557.0,19.96135437801381,0.598613950897699,1.3253559875388283
ID2344,2344,4,-1.0,1164.6580355189626,1219.6247019646578,0.0,183153.10403442383,437,5.0,1,,26.26356589147287,23.0,0.0,119.0,3388.0,23.642691583448734,0.4508231354885,0.6903645666636851
ID2346,2346,4,-1.0,1050.8577009680762,989.2618888203876,0.0,222968.9962158203,532,5.0,1,,31.674418604651162,28.0,0.0,91.0,4086.0,23.74775081149057,0.45118619861033965,0.829370973139313
ID2348,2348,4,-1.0,1078.2029269887987,574.9402824458012,0.0,319784.4814147949,763,5.0,1,,25.37984496124031,23.0,0.0,128.0,3274.0,21.699724148034125,0.3548580233325996,0.6126685522620349
ID2350,2350,4,-1.0,1056.105774648821,536.2702658508398,0.0,322718.28399658203,770,5.0,1,,18.837209302325583,15.0,0.0,81.0,2430.0,18.016828373805495,0.11043457018787989,0.20796022988475063
ID2352,2352,4,-1.0,1057.7630610743192,504.7818237663712,0.0,326909.4305419922,780,5.0,1,,37.906976744186046,37.0,0.0,128.0,4890.0,23.145410540099896,0.46199674385596634,1.0350867882672805
ID2354,2354,4,-1.0,1039.2566959895878,371.0940521095046,0.0,341997.55810546875,816,5.0,1,,18.015503875968992,11.0,0.0,109.0,2324.0,23.653416936077928,-0.04154068815663986,-0.06602106527888464
ID2356,2356,4,-1.0,1034.2848367130928,369.4367656840063,0.0,342416.67276000977,817,5.0,1,,42.775193798449614,35.0,0.0,195.0,5518.0,40.94494022275477,0.39719768248011134,0.593978314099265
ID2358,2358,4,-1.0,1042.018840032085,365.0173352160107,0.0,342416.67276000977,817,5.0,1,,21.7984496124031,6.0,0.0,166.0,2812.0,34.84415747406614,0.26200324777439127,0.25975973715558365
ID2361,2361,4,-1.0,1173.2206820507042,1171.5633956252057,0.0,174770.81094360352,417,5.0,1,,31.25581395348837,28.0,0.0,103.0,4032.0,21.560336510943333,0.5445938573124939,1.0222655110409098
ID2363,2363,4,-1.0,1127.3690909452498,1267.1335794956103,0.0,279549.4745788574,667,5.0,1,,32.666666666666664,27.0,0.0,124.0,4214.0,27.7222083054964,0.504061390260827,0.7898140663844896
ID2365,2365,4,-1.0,1131.236092604746,1262.7141490276147,0.0,281225.9331970215,671,5.0,1,,28.24031007751938,23.0,0.0,119.0,3643.0,25.064533955433937,0.40052850788288574,0.6444382388594435
ID2367,2367,4,-1.0,1121.292374051756,1261.0568626021163,0.0,283321.50646972656,676,5.0,1,,43.31782945736434,41.0,0.0,152.0,5588.0,30.8757551770307,0.6521695710790432,1.107605252413111
ID2369,2369,4,-1.0,1125.7118045197515,1258.8471473681186,0.0,284578.8504333496,679,5.0,1,,27.06201550387597,19.0,0.0,111.0,3491.0,25.929818723450577,0.6689990323839847,0.8366812918618505
ID2371,2371,4,-1.0,1115.7680859667614,1265.476293070112,0.0,284578.8504333496,679,5.0,1,,27.94573643410853,19.0,0.0,144.0,3605.0,29.86932741059364,0.6380244807005121,0.7288481665473912
ID2374,2374,4,-1.0,1113.005941924264,1259.9520049851176,0.0,284997.9650878906,680,5.0,1,,24.635658914728683,15.0,0.0,91.0,3178.0,25.65697334074602,0.6043996766839156,0.7234364935845782
ID2376,2376,4,-1.0,1206.366410560671,959.9831619699169,0.0,338225.5262145996,807,5.0,1,,18.751937984496124,16.0,0.0,85.0,2419.0,16.772853349866384,0.3422636154951267,0.5701539265731589
ID2378,2378,4,-1.0,1221.2819883901561,951.6967298424252,0.0,342416.67276000977,817,5.0,1,,20.015503875968992,18.0,0.0,68.0,2582.0,15.59195730984208,0.22412716986032957,0.4700714296194587
ID2380,2380,4,-1.0,1138.4176671152388,1253.3228592831242,0.0,289189.1116333008,690,5.0,1,,19.06201550387597,18.0,0.0,68.0,2459.0,15.407360222666574,0.4548029310553719,0.7735522704963822
ID2382,2382,4,-1.0,1169.9061091997075,992.5764616713843,0.0,342416.67276000977,817,5.0,1,,18.34108527131783,16.0,0.0,88.0,2366.0,17.515839315830245,0.2768171999799066,0.4540340463040178
ID2384,2384,4,-1.0,1316.8521722605606,1104.7195097967724,0.0,52389.33181762695,125,5.0,1,,34.4031007751938,32.0,0.0,93.0,4438.0,20.313757414867332,0.6020699272501219,1.2729249188685967
ID2386,2386,4,-1.0,1349.9979007705274,1230.1208493261472,0.0,149623.93167114258,357,5.0,1,,39.29457364341085,37.0,6.0,103.0,5069.0,19.269634102639635,0.47109438436055684,1.3060400594474857
ID2388,2388,4,-1.0,1328.453177239049,1196.4226920076808,0.0,170160.54974365234,406,5.0,1,,62.69767441860465,41.0,0.0,255.0,8088.0,59.428476529980294,0.4947267066412163,0.6983777459194477
ID2390,2390,4,-1.0,1329.0056060475488,1200.289693667177,0.0,170998.77905273438,408,5.0,1,,61.031007751937985,43.0,0.0,255.0,7873.0,58.10657476575049,0.4973680649783064,0.6977576253242906
ID2392,2392,4,-1.0,1328.453177239049,1192.0032615396854,0.0,171417.8937072754,409,5.0,1,,47.798449612403104,37.0,0.0,212.0,6166.0,43.47922992737474,0.49935797215561945,0.7322655733002944
ID2394,2394,4,-1.0,1330.1104636645473,1207.47126817767,0.0,171417.8937072754,409,5.0,1,,43.51162790697674,18.0,0.0,255.0,5613.0,56.89630319151206,0.6622701517435623,0.6093753096463776
ID2397,2397,4,-1.0,1321.8240315370556,1198.6324072416787,0.0,176866.3842163086,422,5.0,1,,36.81395348837209,36.0,0.0,104.0,4749.0,25.447177962970077,0.4361914413599237,0.8787546446736781
ID2399,2399,4,-1.0,1320.1667451115572,1173.220682050704,0.0,185248.6773071289,442,5.0,1,,38.093023255813954,34.0,0.0,129.0,4914.0,29.685445155324306,0.6285384514701158,0.9905256031946703
ID2401,2401,4,-1.0,1159.4099618382177,1425.6806475349522,0.0,271167.1814880371,647,5.0,1,,48.76744186046512,32.0,0.0,188.0,6291.0,47.19002669194038,0.4909856928365851,0.6806206298615612
ID2403,2403,4,-1.0,1164.9342499232125,1423.4709323009545,0.0,273262.7547607422,652,5.0,1,,45.992248062015506,35.0,0.0,160.0,5933.0,41.548822208794135,0.692075648586851,0.9055026162206966
ID2405,2405,4,-1.0,1162.7245346892144,1420.1563594499578,0.0,273681.8694152832,653,5.0,1,,51.434108527131784,26.0,0.0,237.0,6635.0,58.20543426106689,0.7330432840543637,0.7475459420429157
ID2407,2407,4,-1.0,1168.2488227742092,1408.5553544714694,0.0,274520.09872436523,655,5.0,1,,31.25581395348837,12.0,0.0,208.0,4032.0,41.54125943523037,0.5623558509816046,0.5416420953638673
ID2409,2409,4,-1.0,1153.8856737532233,1427.8903627689497,0.0,274520.09872436523,655,5.0,1,,32.01550387596899,14.0,0.0,177.0,4130.0,43.10216505875242,0.7739435195794298,0.6481279212737308
ID2412,2412,4,-1.0,1025.1697613728518,1497.4963926398802,0.0,314755.10556030273,751,5.0,1,,13.565891472868216,12.0,0.0,67.0,1750.0,13.855755212884642,0.1711415069992613,0.28615023736808215
ID2414,2414,4,-1.0,884.0242008012426,1586.4374308082915,0.0,332777.0357055664,794,5.0,1,,23.503875968992247,20.0,0.0,93.0,3032.0,17.155594946969806,0.3578898031889266,0.7221850542148028
ID2416,2416,4,-1.0,875.7377686737509,1600.8005798292775,0.0,334034.37966918945,797,5.0,1,,29.441860465116278,27.0,0.0,86.0,3798.0,20.150181054065694,0.4382277761999432,0.8904069108349851
ID2418,2418,4,-1.0,876.2901974822504,1604.1151526802742,0.0,335291.7236328125,800,5.0,1,,23.589147286821706,19.0,0.0,80.0,3043.0,18.837550764323097,0.1861991889620882,0.39313160936768665
ID2420,2420,4,-1.0,1155.8191745829715,1404.6883528119731,0.0,283321.50646972656,676,5.0,1,,29.24031007751938,23.0,0.0,105.0,3772.0,23.08400934419974,0.15188341082148538,0.3340431310433505
ID2422,2422,4,-1.0,1117.7015867965097,1449.4350863004283,0.0,294218.48748779297,702,5.0,1,,14.906976744186046,9.0,0.0,64.0,1923.0,17.402155874194655,0.32084550421710845,0.4161601113976875
ID2424,2424,4,-1.0,1106.6530106265204,1445.5680846409323,0.0,307211.04177856445,733,5.0,1,,24.976744186046513,16.0,0.0,126.0,3222.0,25.093408346453465,0.4280829002717723,0.5967337878074568
ID2426,2426,4,-1.0,1117.7015867965097,1410.2126408969677,0.0,342416.67276000977,817,5.0,1,,17.27906976744186,12.0,0.0,107.0,2229.0,19.178428940554724,0.2529117614082297,0.36373564798777447
ID2428,2428,4,-1.0,1311.0516697713163,1172.6682532422046,0.0,179800.1867980957,429,5.0,1,,39.627906976744185,37.0,0.0,139.0,5112.0,27.457373146684645,0.6746294052841847,1.16283661663727
ID2430,2430,4,-1.0,1289.5069462398378,1118.5302300092585,0.0,197403.00228881836,471,5.0,1,,31.65891472868217,26.0,0.0,129.0,4084.0,23.517445693314237,0.5043521451152622,0.9026517565590595
ID2496,2496,5,-1.0,611.9530126152642,985.1186727566418,0.0,197822.11694335938,472,5.0,1,,54.51937984496124,51.0,0.0,180.0,7033.0,36.97509735771365,0.5628454765145413,1.062049396788646
ID2498,2498,5,-1.0,616.9248718917593,983.4613863311433,0.0,198241.2315979004,473,5.0,1,,42.86046511627907,32.0,0.0,175.0,5529.0,42.849617885192124,0.7748841021437901,0.8733868993601018
ID2500,2500,5,-1.0,604.219009296272,991.1953896501358,0.0,198241.2315979004,473,5.0,1,,44.24031007751938,26.0,0.0,231.0,5707.0,46.14934574187483,0.7300102067306374,0.8090267404266273
ID2503,2503,5,-1.0,688.7406169966875,954.1826594806727,0.0,202851.49279785156,484,5.0,1,,33.41860465116279,26.0,0.0,143.0,4311.0,28.425532557241397,0.5875024055871323,0.8701717008487025
ID2505,2505,5,-1.0,431.86122104444405,927.6660766726991,0.0,298828.74868774414,713,5.0,1,,50.24031007751938,35.0,0.0,181.0,6481.0,47.39408836978618,0.6299996521748437,0.8194282471551557
ID2507,2507,5,-1.0,455.6156598099202,934.2952223746926,0.0,301343.43661499023,719,5.0,1,,40.968992248062015,36.0,0.0,113.0,5285.0,26.560643459971967,0.5248545864730889,1.06183552532365
ID2509,2509,5,-1.0,457.27294623541854,932.6379359491941,0.0,302181.66592407227,721,5.0,1,,31.325581395348838,21.0,0.0,125.0,4041.0,31.139846557178974,0.6023512997480072,0.756318602337701
ID2511,2511,5,-1.0,441.8049395974341,938.1622240341887,0.0,302181.66592407227,721,5.0,1,,31.124031007751938,15.0,0.0,199.0,4015.0,37.53040595469268,0.7317181306520096,0.7008243536951375
ID2514,2514,5,-1.0,450.09137172492586,923.7990750132029,0.0,320203.59606933594,764,5.0,1,,19.767441860465116,14.0,0.0,79.0,2550.0,18.132977394406208,0.07979904115466874,0.16112616897186227
ID2451,2451,5,-1.0,473.845810490402,869.1086229717575,0.0,0.0,0,5.0,1,,35.968992248062015,36.0,0.0,114.0,4640.0,20.790599582690053,0.45569052558768425,1.0831589571714448
ID2516,2516,5,-1.0,471.63609525640436,926.0087902472007,0.0,338225.5262145996,807,5.0,1,,19.643410852713178,17.0,0.0,70.0,2534.0,16.209467936215358,0.33586078100376315,0.6093632095003169
ID2453,2453,5,-1.0,477.71281214989824,893.4154905457334,0.0,45264.38269042969,108,5.0,1,,63.945736434108525,31.0,0.0,255.0,8249.0,74.4527230526946,0.6856968242067583,0.6987368891378672
ID2518,2518,5,-1.0,461.69237670341425,926.0087902472007,0.0,342416.67276000977,817,5.0,1,,22.426356589147286,21.0,0.0,73.0,2893.0,14.541307107791265,0.39870502181763706,0.8792468962771806
ID2455,2455,5,-1.0,475.50309691590036,887.3387736522393,0.0,46102.61199951172,110,5.0,1,,45.14728682170543,20.0,0.0,248.0,5824.0,56.12779792235219,0.8219420218109811,0.7257554061804733
ID2520,2520,5,-1.0,713.0474845706633,946.4486561616804,0.0,203689.7221069336,486,5.0,1,,30.899224806201552,29.0,0.0,76.0,3986.0,16.11135321813099,0.5523816527749439,1.364854338453103
ID2457,2457,5,-1.0,475.50309691590036,906.6737819497201,0.0,46102.61199951172,110,5.0,1,,45.44961240310077,16.0,0.0,255.0,5863.0,67.51191575847811,0.7867118811110823,0.5928446858387506
ID2522,2522,5,-1.0,729.6203488256468,872.9756246312537,0.0,280806.81854248047,670,5.0,1,,36.41860465116279,23.0,0.0,189.0,4698.0,35.271424711270036,0.32781894526052774,0.5098301127782634
ID2460,2460,5,-1.0,328.55703385504705,1100.023864924527,0.0,175609.04025268555,419,5.0,1,,57.325581395348834,50.0,0.0,198.0,7395.0,49.32357492725615,0.5260619651892429,0.801288024322566
ID2524,2524,5,-1.0,730.1727776341462,862.4794772697642,0.0,281225.9331970215,671,5.0,1,,30.356589147286822,18.0,0.0,169.0,3916.0,32.199524076843026,0.3686701205288527,0.5078935183573106
ID2462,2462,5,-1.0,338.50075240803716,1092.2898616055347,0.0,176447.26956176758,421,5.0,1,,40.434108527131784,25.0,0.0,225.0,5216.0,47.608075234348426,0.6517860865192969,0.6702680627150489
ID2526,2526,5,-1.0,726.3057759746501,878.4999127162482,0.0,281225.9331970215,671,5.0,1,,38.25581395348837,28.0,0.0,160.0,4935.0,36.458083609333016,0.41554439481998456,0.6160664237925322
ID2464,2464,5,-1.0,319.71817291905586,1095.052005648032,0.0,176447.26956176758,421,5.0,1,,36.263565891472865,10.0,0.0,255.0,4678.0,57.340338029262405,0.6194571143941472,0.48381802844570787
ID2529,2529,5,-1.0,737.9067809531385,859.717333227267,0.0,286255.3090515137,683,5.0,1,,26.186046511627907,24.0,0.0,78.0,3378.0,17.43862784966379,0.5549573041961252,1.0718369485087922
ID2467,2467,5,-1.0,350.654186195025,1137.5890239024898,0.0,203689.7221069336,486,5.0,1,,26.72093023255814,24.0,0.0,84.0,3447.0,18.07881043177086,0.3226729367678058,0.7211436639298409
ID2531,2531,5,-1.0,796.4642346540801,853.0881875252736,0.0,342416.67276000977,817,5.0,1,,21.74418604651163,21.0,0.0,85.0,2805.0,16.52615307520526,0.4242568491416418,0.7838661768736797
ID2469,2469,5,-1.0,792.0448041860845,1027.6556910110994,0.0,315174.22021484375,752,5.0,1,,22.333333333333332,19.0,0.0,80.0,2881.0,15.504199699866273,0.23487169432121757,0.5479526541418194
ID2533,2533,5,-1.0,922.970431800454,784.0345864628424,0.0,326909.4305419922,780,5.0,1,,18.37984496124031,14.0,0.0,95.0,2371.0,17.260953858369916,0.41574268463495434,0.6253848232742462
ID2471,2471,5,-1.0,805.3030955900713,1017.1595436496098,0.0,327328.5451965332,781,5.0,1,,39.72093023255814,18.0,0.0,168.0,5124.0,46.071102782849756,0.6217844710136785,0.661100571084132
ID2535,2535,5,-1.0,841.7633969510349,819.9424590153067,0.0,342416.67276000977,817,5.0,1,,12.689922480620154,11.0,0.0,59.0,1637.0,13.377802539101621,0.14348135446487786,0.23805130344657072
ID2473,2473,5,-1.0,818.561386994058,1061.9062771380652,0.0,329005.00381469727,785,5.0,1,,30.41860465116279,15.0,0.0,204.0,3924.0,38.479844089637254,0.23471351371707241,0.30054386966765106
ID2537,2537,5,-1.0,443.46222602293244,913.8553564602129,0.0,320622.71072387695,765,5.0,1,,21.294573643410853,18.0,0.0,92.0,2747.0,18.078562538255426,0.2879064562285102,0.5266258007544456
ID2475,2475,5,-1.0,817.4565293770592,1053.6198450105735,0.0,329843.2331237793,787,5.0,1,,26.73643410852713,15.0,0.0,151.0,3449.0,33.51108011255498,0.4645939717623647,0.5061758045799108
ID2539,2539,5,-1.0,408.6592110874671,906.6737819497201,0.0,342416.67276000977,817,5.0,1,,24.651162790697676,21.0,0.0,97.0,3180.0,18.629886591673195,0.46556352270637985,0.8406815045009564
ID2477,2477,5,-1.0,815.7992429515608,1074.6121397335526,0.0,329843.2331237793,787,5.0,1,,48.03875968992248,40.0,0.0,175.0,6197.0,31.273841680382226,0.467930643995294,0.9793016783921691
ID2480,2480,5,-1.0,829.0575343555475,1111.0724410945163,0.0,341578.44345092773,815,5.0,1,,18.53488372093023,15.0,0.0,92.0,2391.0,18.0593840355696,0.40095181995829937,0.5874703027047063
ID2482,2482,5,-1.0,831.2672495895453,1117.1491579880098,0.0,342416.67276000977,817,5.0,1,,15.348837209302326,15.0,0.0,62.0,1980.0,14.166780665296002,0.3291235850345055,0.5365719257863293
ID2484,2484,5,-1.0,333.52889313154213,1114.9394427540121,0.0,191954.51177978516,458,5.0,1,,26.34108527131783,22.0,0.0,99.0,3398.0,18.851598126895887,0.4893328328666715,0.9181805309654638
ID2486,2486,5,-1.0,320.27060172755534,1107.2054394350198,0.0,217520.5057067871,519,5.0,1,,20.82170542635659,17.0,0.0,100.0,2686.0,18.6946890905893,0.19062950566881667,0.3566494245985602
ID2488,2488,5,-1.0,511.963398276864,1028.2081198195988,0.0,333196.1503601074,795,5.0,1,,20.86046511627907,16.0,0.0,80.0,2691.0,19.488275395913735,0.31718576087168765,0.5155220318341553
ID2490,2490,5,-1.0,539.5848387018365,1013.2925419901136,0.0,342416.67276000977,817,5.0,1,,13.565891472868216,10.0,0.0,60.0,1750.0,14.248818460468218,0.007582903553796929,0.014330265051459708
ID2492,2492,5,-1.0,816.3516717600602,1051.4101297765758,0.0,342416.67276000977,817,5.0,1,,22.472868217054263,18.0,0.0,69.0,2899.0,15.369957262149757,0.5078426842882102,0.9848929034665552
ID2494,2494,5,-1.0,497.60024925587834,918.8272157367079,0.0,53227.561126708984,127,5.0,1,,34.286821705426355,33.0,0.0,122.0,4423.0,23.724392049128998,0.6388447217271722,1.126729426247951
ID2561,2561,6,-1.0,606.9811533387692,905.0164955242218,0.0,331938.8063964844,792,5.0,1,,48.906976744186046,32.0,0.0,247.0,6309.0,51.432061052127466,0.6562939875326765,0.7535774336301865
ID2563,2563,6,-1.0,604.7714381047714,903.3592090987235,0.0,332357.9210510254,793,5.0,1,,47.53488372093023,20.0,0.0,180.0,6132.0,53.234599667360946,0.600378154891494,0.6699628266714168
ID2565,2565,6,-1.0,626.8685904447493,907.778639566719,0.0,332777.0357055664,794,5.0,1,,46.92248062015504,36.0,0.0,197.0,6053.0,45.17009734103359,0.3840325270095559,0.5764765504079594
ID2567,2567,6,-1.0,610.2957261897659,906.1213531412207,0.0,332777.0357055664,794,5.0,1,,31.45736434108527,17.0,0.0,179.0,4058.0,37.66069895957895,0.6657974534983692,0.6677038616651434
ID2570,2570,6,-1.0,581.5694281477945,893.4154905457334,0.0,341578.44345092773,815,5.0,1,,26.488372093023255,24.0,0.0,112.0,3417.0,22.464248081350622,0.5530823097649692,0.839824756171276
ID2572,2572,6,-1.0,592.6180043177836,891.7582041202351,0.0,342416.67276000977,817,5.0,1,,28.410852713178294,25.0,0.0,105.0,3665.0,23.668812682482606,0.44773771284041985,0.7424574688842506
ID2574,2574,6,-1.0,597.5898635942787,900.5970650562261,0.0,342416.67276000977,817,5.0,1,,33.17054263565891,32.0,0.0,89.0,4279.0,22.001819538040394,0.1555151129064519,0.4058083170633256
ID2576,2576,6,-1.0,851.7071155040251,1228.1873484963992,0.0,324394.7426147461,774,5.0,1,,27.837209302325583,15.0,0.0,129.0,3591.0,31.249947674374802,0.28570510357554524,0.39589774355224433
ID2578,2578,6,-1.0,885.6814872267412,1213.271770666914,0.0,342416.67276000977,817,5.0,1,,20.713178294573645,13.0,0.0,80.0,2672.0,21.122852626971934,0.07229408167251372,0.1322248267286511
ID2580,2580,6,-1.0,764.6995781653617,1088.9752887545383,0.0,198241.2315979004,473,5.0,1,,63.81395348837209,30.0,0.0,255.0,8232.0,65.75068529132658,0.6609447518348174,0.7724232457603115
ID2582,2582,6,-1.0,761.385005314365,1078.4791413930486,0.0,198660.3462524414,474,5.0,1,,35.116279069767444,9.0,0.0,255.0,4530.0,58.631213411002435,0.6781844300332823,0.48408066054539284
ID2584,2584,6,-1.0,762.4898629313641,1098.9190073075283,0.0,198660.3462524414,474,5.0,1,,45.325581395348834,18.0,0.0,255.0,5847.0,59.09964609542642,0.8393992028192487,0.6999726279247478
ID2587,2587,6,-1.0,750.8888579528756,1101.128722541526,0.0,204947.06607055664,489,5.0,1,,38.51162790697674,36.0,0.0,90.0,4968.0,19.51926783617831,0.6108657689471846,1.4963899600515844
ID2589,2589,6,-1.0,760.2801476973661,932.6379359491941,0.0,257336.3978881836,614,5.0,1,,35.86821705426357,35.0,0.0,124.0,4627.0,24.381210697533447,0.5221340211326817,1.0092845290443546
ID2591,2591,6,-1.0,983.4613863311436,788.4540169308381,0.0,342416.67276000977,817,5.0,1,,42.37984496124031,40.0,0.0,135.0,5467.0,26.411170044145624,0.4655525021112493,1.0194572100438253
ID2593,2593,6,-1.0,816.62788616431,869.1086229717575,0.0,290865.57025146484,694,5.0,1,,52.36434108527132,51.0,0.0,135.0,6755.0,29.812418234818725,0.6548853677114005,1.390163253208026
ID2595,2595,6,-1.0,821.0473166323055,866.8989077377598,0.0,291284.68490600586,695,5.0,1,,52.0,43.0,0.0,169.0,6708.0,43.08494516649638,0.6834854485965215,0.9800036669920801
ID2597,2597,6,-1.0,827.1240335257994,860.8221908442658,0.0,291703.7995605469,696,5.0,1,,37.08527131782946,17.0,0.0,182.0,4784.0,44.5319462239876,0.7786857404754971,0.7291599035977233
ID2599,2599,6,-1.0,811.1035980793155,872.9756246312537,0.0,291703.7995605469,696,5.0,1,,34.72093023255814,14.0,0.0,198.0,4479.0,45.14282486318182,0.6740413375201663,0.6193739984023467
ID2602,2602,6,-1.0,998.3769641606286,816.62788616431,0.0,342416.67276000977,817,5.0,1,,25.705426356589147,19.0,0.0,91.0,3316.0,23.917306463095137,0.41820541534128686,0.6338595700157207
ID2604,2604,6,-1.0,821.599745440805,862.4794772697642,0.0,298409.6340332031,712,5.0,1,,25.852713178294575,25.0,0.0,83.0,3335.0,18.826137405543477,0.388796902463255,0.7688806945371713
ID2541,2541,6,-1.0,704.2086236346722,1082.8985718610443,0.0,0.0,0,5.0,1,,30.372093023255815,28.0,0.0,108.0,3918.0,26.41704875863841,0.36684267514327934,0.6171372221037567
ID2606,2606,6,-1.0,856.4027603762703,830.9910351852957,0.0,314335.9909057617,750,5.0,1,,21.984496124031008,19.0,0.0,74.0,2836.0,18.643859786855778,0.3080242116761415,0.5553665975537265
ID2543,2543,6,-1.0,785.4156584840912,1183.9930438164433,0.0,48617.29992675781,116,5.0,1,,72.48062015503876,33.0,0.0,255.0,9350.0,86.97800555090005,0.6886396522428295,0.6796690505660757
ID2608,2608,6,-1.0,996.1672489266307,760.8325765058656,0.0,342416.67276000977,817,5.0,1,,24.333333333333332,22.0,0.0,80.0,3139.0,18.596594670351163,0.44524010109519796,0.8062179160855649
ID2545,2545,6,-1.0,787.0729449095895,1190.622189518437,0.0,49036.41458129883,117,5.0,1,,50.03875968992248,31.0,0.0,255.0,6455.0,58.713206976366166,0.7960057763325024,0.7554560777012049
ID2547,2547,6,-1.0,780.9962280160955,1176.259040497451,0.0,49036.41458129883,117,5.0,1,,57.72868217054263,27.0,0.0,255.0,7447.0,72.45437701775516,0.8165535674897172,0.7162975802522199
ID2550,2550,6,-1.0,759.451504484617,1128.7501629664982,0.0,156748.88079833984,374,5.0,1,,62.78294573643411,43.0,0.0,255.0,8099.0,60.06506384230226,0.6579040136019794,0.8295697251436014
ID2552,2552,6,-1.0,761.6612197186148,1133.7220222429933,0.0,157167.99545288086,375,5.0,1,,37.93798449612403,20.0,0.0,195.0,4894.0,47.93073647494901,0.6884595480420908,0.6454727544671417
ID2554,2554,6,-1.0,755.0320740166214,1121.5685884560055,0.0,157167.99545288086,375,5.0,1,,41.604651162790695,23.0,0.0,239.0,5367.0,50.085617104091604,0.7762051815578473,0.726009421240103
ID2557,2557,6,-1.0,694.8173338901815,1015.5022572241114,0.0,203270.60745239258,485,5.0,1,,26.108527131782946,21.0,0.0,106.0,3368.0,25.0525199300382,0.39812599570968504,0.5935197525510006
ID2559,2559,6,-1.0,578.2548552967978,907.2262107582195,0.0,311821.3029785156,744,5.0,1,,21.147286821705425,18.0,0.0,95.0,2728.0,21.26547259320618,0.15787970548642993,0.271189255140827
ID2625,2625,7,-1.0,571.3494951905548,918.8272157367079,0.0,199079.46090698242,475,5.0,1,,32.52713178294574,9.0,0.0,190.0,4196.0,46.03362859084987,0.5887297279606871,0.5236806168649507
ID2610,2610,7,-1.0,830.9910351852957,1170.182323603957,0.0,0.0,0,5.0,1,,37.02325581395349,33.0,0.0,96.0,4776.0,20.24747866875924,0.6135555573526122,1.3906044795988002
ID2627,2627,7,-1.0,558.091203786568,935.4000799916913,0.0,199079.46090698242,475,5.0,1,,38.82170542635659,21.0,0.0,255.0,5008.0,45.874225063686886,0.7928022579881949,0.7484595816284624
ID2612,2612,7,-1.0,537.098909063589,1028.2081198195988,0.0,72506.8352355957,173,5.0,1,,46.310077519379846,15.0,0.0,255.0,5974.0,64.26237702400367,0.4858052281105366,0.471247457332419
ID2614,2614,7,-1.0,549.2523428505768,1032.0751214790948,0.0,72925.94989013672,174,5.0,1,,24.356589147286822,8.0,0.0,129.0,3142.0,34.142577535610776,0.345778891610184,0.3665852000282505
ID2630,2630,7,-1.0,366.95083604575876,982.3565287141446,0.0,301343.43661499023,719,5.0,1,,25.069767441860463,22.0,0.0,90.0,3234.0,17.724535451648492,0.34802657288003125,0.7303304211934378
ID2616,2616,7,-1.0,532.6794785955934,1028.7605486280981,0.0,72925.94989013672,174,5.0,1,,37.75968992248062,22.0,0.0,145.0,4871.0,37.318472133825374,0.6728060869632726,0.8139146617708743
ID2632,2632,7,-1.0,173.0483242624523,935.9525088001909,0.0,342416.67276000977,817,5.0,1,,25.751937984496124,23.0,0.0,82.0,3322.0,16.810539387423713,0.4498652945006959,0.950633469899656
ID2634,2634,7,-1.0,586.2650730200398,1007.7682539051192,0.0,342416.67276000977,817,5.0,1,,37.10077519379845,33.0,0.0,97.0,4786.0,25.10473217382292,0.4645638787744625,0.93755014965293
ID2619,2619,7,-1.0,499.5337500856265,1060.8014195210662,0.0,258593.74185180664,617,5.0,1,,35.53488372093023,34.0,0.0,134.0,4584.0,26.550378561221798,0.4225972710739033,0.7951679985211166
ID2621,2621,7,-1.0,753.6510019953728,1121.0161596475064,0.0,342416.67276000977,817,5.0,1,,22.031007751937985,18.0,0.0,71.0,2842.0,18.08570653880438,0.3028042932148455,0.5662545786056824
ID2623,2623,7,-1.0,564.1679206800619,924.903932630202,0.0,198241.2315979004,473,5.0,1,,51.41085271317829,17.0,0.0,255.0,6632.0,69.77291429199765,0.6198174350946195,0.5638916440672254
ID2688,2688,8,-1.0,1104.7195097967724,910.5407836092162,0.0,65381.88610839844,156,5.0,1,,47.5968992248062,38.0,0.0,175.0,6140.0,46.97680933513979,0.6714365663672478,0.8140296624504458
ID2690,2690,8,-1.0,897.0062778009798,1139.246310327988,0.0,160940.02734375,384,5.0,1,,27.875968992248062,18.0,0.0,147.0,3596.0,29.565607065034747,0.20792258766532373,0.3245904490305058
ID2692,2692,8,-1.0,894.7965625669821,1149.7424576894775,0.0,165550.28854370117,395,5.0,1,,48.15503875968992,37.0,0.0,210.0,6212.0,46.97945854513224,0.4315938896010626,0.6180436898976261
ID2694,2694,8,-1.0,899.7684218434771,1156.371603391471,0.0,167645.86181640625,400,5.0,1,,56.651162790697676,49.0,0.0,185.0,7308.0,40.49433817731319,0.48547425781915204,0.914419744385674
ID2696,2696,8,-1.0,895.3489913754814,1139.7987391364875,0.0,168484.09112548828,402,5.0,1,,49.6124031007752,20.0,0.0,255.0,6400.0,59.98337140375856,0.818396835034365,0.7444999309247629
ID2698,2698,8,-1.0,897.558706609479,1158.0288898169692,0.0,168484.09112548828,402,5.0,1,,47.37984496124031,23.0,0.0,255.0,6112.0,54.0516526398664,0.5023575338610504,0.5862114195875661
ID2636,2636,8,-1.0,1090.356360775787,1150.5711009022266,0.0,0.0,0,5.0,1,,47.44961240310077,47.0,0.0,105.0,6121.0,24.488824377251046,0.5053801982801418,1.3009684082989932
ID2701,2701,8,-1.0,921.8655741834549,1399.4402791312284,0.0,318946.2521057129,761,5.0,1,,16.26356589147287,8.0,0.0,88.0,2098.0,20.175216611230663,0.10270403256469325,0.150160635033528
ID2638,2638,8,-1.0,1084.832072690792,925.7325758429512,0.0,57418.70767211914,137,5.0,1,,92.09302325581395,62.0,0.0,255.0,11880.0,80.84712056758588,0.7675402514984135,0.9892909056828101
ID2703,2703,8,-1.0,929.0471486939476,1443.0821550026847,0.0,342416.67276000977,817,5.0,1,,28.573643410852714,26.0,0.0,91.0,3686.0,22.304629281902468,0.3022899185326481,0.5947255435138707
ID2640,2640,8,-1.0,1096.4330776692805,920.760716566456,0.0,59095.1662902832,141,5.0,1,,80.59689922480621,71.0,0.0,255.0,10397.0,64.47668175635343,0.6354063214577657,0.9713405282717095
ID2705,2705,8,-1.0,966.6123076719102,1183.9930438164433,0.0,299666.9779968262,715,5.0,1,,45.14728682170543,41.0,0.0,142.0,5824.0,36.85149691142007,0.5991593149936155,0.9180304816741195
ID2642,2642,8,-1.0,1099.7476505202771,916.3412860984604,0.0,59933.395599365234,143,5.0,1,,62.06976744186046,29.0,0.0,255.0,8007.0,68.0250627120383,0.8620509866025413,0.8448557178084112
ID2707,2707,8,-1.0,968.2695940974086,1184.5454726249427,0.0,301343.43661499023,719,5.0,1,,55.52713178294574,35.0,0.0,255.0,7163.0,59.2279860896883,0.505212491424755,0.6293388424862753
ID2644,2644,8,-1.0,1090.356360775787,931.809292736445,0.0,59933.395599365234,143,5.0,1,,55.70542635658915,15.0,0.0,255.0,7186.0,78.14673728601606,0.7685576128488557,0.6195464381624487
ID2709,2709,8,-1.0,968.2695940974086,1178.468755731449,0.0,301762.55126953125,720,5.0,1,,32.565891472868216,18.0,0.0,193.0,4201.0,39.369611726804976,0.29548463926035856,0.3773414173595943
ID2647,2647,8,-1.0,1109.138940264768,941.2005824809355,0.0,64962.77145385742,155,5.0,1,,76.08527131782945,72.0,0.0,202.0,9815.0,40.58209869506657,0.7743600444450642,1.6364293996211943
ID2711,2711,8,-1.0,968.2695940974086,1192.279475943935,0.0,301762.55126953125,720,5.0,1,,31.031007751937985,16.0,0.0,187.0,4003.0,41.3700786318778,0.4319080954911098,0.45249702582743984
ID2649,2649,8,-1.0,1075.993211754801,912.4742844389643,0.0,176866.3842163086,422,5.0,1,,82.9922480620155,22.0,0.0,255.0,10706.0,97.52055040830102,0.6199878625343479,0.6513925802271241
ID2714,2714,8,-1.0,946.1724417574308,1176.8114693059506,0.0,314335.9909057617,750,5.0,1,,22.434108527131784,20.0,0.0,78.0,2894.0,18.62032028509123,0.4038557058279395,0.6931949926116802
ID2651,2651,8,-1.0,1076.5456405633004,917.4461437154594,0.0,177285.4988708496,423,5.0,1,,59.263565891472865,21.0,0.0,255.0,7645.0,75.484841129263,0.785211570475309,0.6906452469478186
ID2716,2716,8,-1.0,949.4870146084274,1143.1133119874842,0.0,320203.59606933594,764,5.0,1,,18.906976744186046,16.0,0.0,90.0,2439.0,17.727733331415138,0.032686119674000286,0.06751400976267859
ID2653,2653,8,-1.0,1068.2592084358087,908.0548539709687,0.0,177285.4988708496,423,5.0,1,,58.96124031007752,25.0,0.0,255.0,7606.0,70.74971323934543,0.5072820938783609,0.5609535688943795
ID2718,2718,8,-1.0,961.088019586916,1064.6684211805623,0.0,342416.67276000977,817,5.0,1,,21.2015503875969,18.0,0.0,90.0,2735.0,16.819064631468642,0.4585932197740398,0.7926641480162342
ID2656,2656,8,-1.0,1054.4484882233226,886.5101304394901,0.0,187763.365234375,448,5.0,1,,65.62790697674419,60.0,0.0,210.0,8466.0,54.75286376178217,0.8338974936418543,1.0900572854096737
ID2720,2720,8,-1.0,989.2618888203878,1152.5046017319746,0.0,308468.3857421875,736,5.0,1,,26.54263565891473,23.0,0.0,104.0,3424.0,20.15991061795739,0.5003018261062102,0.8780897129192446
ID2658,2658,8,-1.0,948.9345857999277,1246.1412847726315,0.0,329843.2331237793,787,5.0,1,,32.06976744186046,31.0,0.0,103.0,4137.0,25.516595716841703,0.41137337683106245,0.732651316394897
ID2722,2722,8,-1.0,1058.3154898828186,1015.5022572241114,0.0,342416.67276000977,817,5.0,1,,19.13953488372093,15.0,0.0,101.0,2469.0,16.681644190755804,0.2177310978933057,0.4102906188082042
ID2660,2660,8,-1.0,951.4205154381752,1251.1131440491265,0.0,339901.9848327637,811,5.0,1,,49.58914728682171,45.0,0.0,175.0,6397.0,39.04937027403194,0.605675370490223,0.958042486599035
ID2662,2662,8,-1.0,951.4205154381752,1253.8752880916234,0.0,341578.44345092773,815,5.0,1,,55.27131782945737,17.0,0.0,255.0,7130.0,71.83409182993134,0.6448615103891367,0.6033041705846666
ID2664,2664,8,-1.0,952.5253730551743,1248.9034288151283,0.0,341997.55810546875,816,5.0,1,,33.3875968992248,16.0,0.0,200.0,4307.0,42.56214391876002,0.4775414757696289,0.5070643498736557
ID2666,2666,8,-1.0,951.4205154381752,1259.9520049851176,0.0,341997.55810546875,816,5.0,1,,36.84496124031008,21.0,0.0,232.0,4753.0,42.58033760074946,0.39621174804206466,0.4911057962500547
ID2669,2669,8,-1.0,950.3156578211766,1262.161720219115,0.0,342416.67276000977,817,5.0,1,,39.224806201550386,16.0,0.0,255.0,5060.0,52.907236082080125,0.4709893705523787,0.47476347439239386
ID2671,2671,8,-1.0,954.735088289172,1245.5888559641317,0.0,342416.67276000977,817,5.0,1,,36.74418604651163,14.0,0.0,235.0,4740.0,51.95269468916041,0.7843187313219903,0.6217713417577404
ID2673,2673,8,-1.0,1051.4101297765756,814.1419565260625,0.0,208719.09796142578,498,5.0,1,,41.736434108527135,40.0,0.0,100.0,5384.0,23.11368621207092,0.43866627390378465,1.1011596941707211
ID2675,2675,8,-1.0,1090.9087895842863,877.3950550992492,0.0,275777.4426879883,658,5.0,1,,57.68217054263566,20.0,0.0,255.0,7441.0,74.4375770881343,0.686475721109217,0.6308475923620834
ID2677,2677,8,-1.0,1085.384501499292,878.4999127162482,0.0,277873.01596069336,663,5.0,1,,50.89147286821706,30.0,0.0,254.0,6565.0,57.818984813337586,0.420462931979262,0.5210775507930868
ID2679,2679,8,-1.0,1093.1185048182838,873.5280534397532,0.0,278711.2452697754,665,5.0,1,,35.054263565891475,18.0,0.0,233.0,4522.0,44.8513708816268,0.7257028196010509,0.6573367653145816
ID2681,2681,8,-1.0,1077.6504981802993,891.2057753117356,0.0,278711.2452697754,665,5.0,1,,29.410852713178294,10.0,0.0,216.0,3794.0,43.883833228176975,0.4981873175239975,0.44571741902510215
ID2684,2684,8,-1.0,1003.0726090328739,1118.8064444135082,0.0,342416.67276000977,817,5.0,1,,26.635658914728683,24.0,0.0,85.0,3436.0,17.78470989383161,0.4203662241728183,0.8864905954486821
ID2686,2686,8,-1.0,1025.7221901813512,1003.901252245623,0.0,342416.67276000977,817,5.0,1,,26.023255813953487,23.0,0.0,83.0,3357.0,17.823555830469424,0.4251276536289196,0.8710896712248614
ID2724,2724,9,-1.0,1258.570932963869,743.9834978466325,0.0,0.0,0,5.0,1,,34.44186046511628,30.0,0.0,121.0,4443.0,19.962037008071793,0.5547188986281711,1.2312119626394105
ID2726,2726,9,-1.0,1260.2282193893673,742.8786402296336,0.0,42749.694763183594,102,5.0,1,,53.91472868217054,23.0,0.0,255.0,6955.0,67.4443093188456,0.7121614083422595,0.6650064230460442
ID2728,2728,9,-1.0,1258.0185041553693,742.3262114211342,0.0,43587.924072265625,104,5.0,1,,52.51937984496124,21.0,0.0,255.0,6775.0,64.34612225777404,0.7082216128189714,0.676787250514522
ID2730,2730,9,-1.0,1256.9136465383706,742.3262114211342,0.0,44007.03872680664,105,5.0,1,,37.41085271317829,20.0,0.0,170.0,4826.0,39.72298854314023,0.6554175363820811,0.7457550339761838
ID2732,2732,9,-1.0,1246.417499176881,749.5077859316269,0.0,44007.03872680664,105,5.0,1,,25.06201550387597,9.0,0.0,175.0,3233.0,37.42716926286314,0.5377078108743157,0.4683079533130054
ID2735,2735,9,-1.0,1197.2513352204303,769.3952230376071,0.0,64962.77145385742,155,5.0,1,,29.899224806201552,27.0,0.0,94.0,3857.0,21.818084872861313,0.4282849731032948,0.8218475546459367
ID2737,2737,9,-1.0,1201.1183368799261,770.500080654606,0.0,72506.8352355957,173,5.0,1,,22.333333333333332,17.0,0.0,79.0,2881.0,22.77894221278357,0.35328086809379283,0.5118965088011829
ID2739,2739,9,-1.0,1219.348487560408,750.6126435486259,0.0,77117.09643554688,184,5.0,1,,15.348837209302326,13.0,0.0,63.0,1980.0,15.087065633137701,0.1682323283440863,0.2930089805025426
ID2741,2741,9,-1.0,1304.4225240693231,741.7737826126346,0.0,101425.74639892578,242,5.0,1,,16.75968992248062,13.0,0.0,74.0,2162.0,18.187725597311527,0.27092265997106113,0.39286540706382606
ID2743,2743,9,-1.0,1044.5047696703325,475.50309691590047,0.0,305115.4685058594,728,5.0,1,,31.069767441860463,30.0,0.0,96.0,4008.0,21.078790453361982,0.19970146936777183,0.4907161838796804
ID2745,2745,9,-1.0,1062.7349203508143,525.7741184893503,0.0,342416.67276000977,817,5.0,1,,31.372093023255815,30.0,0.0,85.0,4047.0,19.258954803318876,0.39779262831553563,0.9271601579006861
ID2747,2747,9,-1.0,1167.6963939657096,792.5972329945839,0.0,63705.427490234375,152,5.0,1,,31.674418604651162,23.0,0.0,170.0,4086.0,30.593137197820223,0.5239795736171126,0.7119505738341363
ID2749,2749,9,-1.0,1248.9034288151283,731.8300640596447,0.0,74602.40850830078,178,5.0,1,,28.891472868217054,27.0,0.0,81.0,3727.0,20.671629225703555,0.5868877408892946,1.0337935166668046
ID2751,2751,9,-1.0,1437.8340813219397,815.2468141430612,0.0,342416.67276000977,817,5.0,1,,26.8062015503876,25.0,0.0,93.0,3458.0,19.99417005630166,0.4750526254289022,0.8635671240539646
ID2753,2753,10,-1.0,885.9577016309906,1268.7908659211084,0.0,0.0,0,5.0,1,,24.8062015503876,25.0,0.0,91.0,3200.0,20.95496567022504,0.20031564151344325,0.3951142624619643
ID2755,2755,10,-1.0,682.1114712946943,934.0190079704429,0.0,121543.24981689453,290,5.0,1,,78.17054263565892,55.0,0.0,255.0,10084.0,73.46099347942756,0.6241827594560019,0.8178867972298529
ID2757,2757,10,-1.0,693.1600474646832,931.809292736445,0.0,122381.47912597656,292,5.0,1,,49.651162790697676,12.0,0.0,255.0,6405.0,72.01146297235326,0.7151891972736791,0.5749984826100628
ID2759,2759,10,-1.0,669.9580375077063,942.3054400979346,0.0,122381.47912597656,292,5.0,1,,50.91472868217054,14.0,0.0,255.0,6568.0,78.85915361894348,0.7563295820484519,0.5560660605974684
ID2762,2762,10,-1.0,680.454184869196,936.2287232044405,0.0,124477.05239868164,297,5.0,1,,52.395348837209305,39.0,0.0,237.0,6759.0,54.16877828322948,0.7432159635523308,0.8247788697988467
ID2764,2764,10,-1.0,451.19622934192466,1123.5020892857538,0.0,225064.5694885254,537,5.0,1,,38.06201550387597,34.0,0.0,120.0,4910.0,27.54080834018869,0.536842096500491,0.9655225255034298
ID2766,2766,10,-1.0,496.77160604312917,1135.1030942642421,0.0,342416.67276000977,817,5.0,1,,33.10852713178294,28.0,0.0,106.0,4271.0,24.976313876250064,0.29642612072236435,0.6061920145789401
ID2768,2768,10,-1.0,719.6766302726567,1329.2818204517982,0.0,286674.4237060547,684,5.0,1,,31.209302325581394,28.0,0.0,92.0,4026.0,17.660281362161182,0.4294309947252423,1.0618095562876124
ID2770,2770,10,-1.0,722.7149887194038,1334.529894132543,0.0,307630.15643310547,734,5.0,1,,42.5968992248062,21.0,0.0,246.0,5495.0,49.59011988602243,0.6494414099110822,0.6764191700391351
ID2772,2772,10,-1.0,723.8198463364026,1330.1104636645475,0.0,308049.2710876465,735,5.0,1,,41.53488372093023,15.0,0.0,221.0,5358.0,54.14030478067321,0.6021567715229813,0.5766693420026952
ID2774,2774,10,-1.0,732.6587072723938,1341.711468643036,0.0,308887.5003967285,737,5.0,1,,31.147286821705425,18.0,0.0,170.0,4018.0,35.08295988955897,0.6514229997332832,0.7004203412127764
ID2776,2776,10,-1.0,714.4285565919121,1325.1386043880525,0.0,308887.5003967285,737,5.0,1,,32.44186046511628,14.0,0.0,191.0,4185.0,40.96795755845814,0.7392198180603382,0.6731480016702722
ID2779,2779,10,-1.0,649.7943859974765,1289.2307318355881,0.0,318527.1374511719,760,5.0,1,,19.24031007751938,14.0,0.0,101.0,2482.0,20.25955607616072,0.35292974922657167,0.4954788930324475
ID2781,2781,10,-1.0,627.144804848999,1220.1771307731572,0.0,342416.67276000977,817,5.0,1,,25.294573643410853,23.0,0.0,100.0,3263.0,19.869654588080092,0.5205343548819867,0.8716059827236797
ID2783,2783,10,-1.0,634.3263793594919,1241.7218543046356,0.0,342416.67276000977,817,5.0,1,,17.589147286821706,9.0,0.0,107.0,2269.0,21.074871145476777,0.2969567705906543,0.38218847285646745
ID2817,2817,11,-1.0,971.8603813526549,361.1503335565145,0.0,300924.3219604492,718,5.0,1,,20.73643410852713,14.0,0.0,121.0,2675.0,25.213934447247173,0.6578742847347163,0.6527017361693416
ID2819,2819,11,-1.0,986.7759591821401,360.59790474801514,0.0,300924.3219604492,718,5.0,1,,15.930232558139535,9.0,0.0,76.0,2055.0,19.083364011010854,0.35610711540284107,0.4384134142218419
ID2822,2822,11,-1.0,987.3283879906396,374.4086249605013,0.0,310563.9590148926,741,5.0,1,,17.387596899224807,16.0,0.0,54.0,2243.0,13.150160453821098,-0.05131517745207607,-0.14304160992235
ID2824,2824,11,-1.0,969.6506661186573,363.9124775990118,0.0,342416.67276000977,817,5.0,1,,16.790697674418606,16.0,0.0,47.0,2166.0,12.358369139603237,0.4278155587463381,0.8141830169094888
ID2826,2826,11,-1.0,972.965238969654,359.49304713101617,0.0,311821.3029785156,744,5.0,1,,20.829457364341085,16.0,0.0,96.0,2687.0,19.730260717600668,0.5902486475255659,0.7836914224834266
ID2828,2828,11,-1.0,1018.2644012666086,473.845810490402,0.0,342416.67276000977,817,5.0,1,,15.736434108527131,15.0,0.0,64.0,2030.0,13.679089527818636,0.3968294635708566,0.6536415544606435
ID2830,2830,11,-1.0,1117.7015867965097,677.1396120181992,0.0,213329.35916137695,509,5.0,1,,19.8062015503876,17.0,0.0,70.0,2555.0,14.773327696910744,0.5841368648871484,0.9887233103436563
ID2832,2832,11,-1.0,1296.688520750331,872.1469814185045,0.0,289608.2262878418,691,5.0,1,,22.108527131782946,13.0,0.0,116.0,2852.0,24.874133248114624,0.5454463569630706,0.6273934211757
ID2834,2834,11,-1.0,1278.4583700698493,863.3081204825133,0.0,292122.9142150879,697,5.0,1,,28.13953488372093,19.0,0.0,104.0,3630.0,27.267696142266526,0.5137153000164695,0.7004493950295307
ID2836,2836,11,-1.0,1282.325371729345,850.6022578870261,0.0,292961.1435241699,699,5.0,1,,18.767441860465116,13.0,0.0,92.0,2421.0,21.839797256065513,0.5673302410148865,0.6221024232659467
ID2838,2838,11,-1.0,1262.9903634318644,860.5459764400161,0.0,292961.1435241699,699,5.0,1,,19.868217054263567,10.0,0.0,121.0,2563.0,26.08620919331744,0.6631583489017272,0.6073815005711779
ID2841,2841,11,-1.0,1282.8778005378445,843.4206833765331,0.0,305953.6978149414,730,5.0,1,,14.69767441860465,13.0,0.0,74.0,1896.0,13.777588601581144,0.42315063242621703,0.6343800691719717
ID2843,2843,11,-1.0,1359.665404919268,945.620012948931,0.0,342416.67276000977,817,5.0,1,,10.069767441860465,6.0,0.0,52.0,1299.0,12.197070630964806,0.326819091238779,0.40671445126136613
ID2845,2845,11,-1.0,1272.381653176355,862.755691674014,0.0,305953.6978149414,730,5.0,1,,15.868217054263566,15.0,0.0,53.0,2047.0,12.528953870037169,0.4547970165841931,0.7918784478369091
ID2847,2847,11,-1.0,1261.8855058148656,817.4565293770592,0.0,342416.67276000977,817,5.0,1,,12.55813953488372,10.0,0.0,77.0,1620.0,14.095603800888696,0.3408928058432917,0.45299706806852863
ID2785,2785,11,-1.0,992.3002472671346,723.8198463364026,0.0,0.0,0,5.0,1,,8.604651162790697,0.0,0.0,67.0,1110.0,13.444572908712068,-0.03384192287125076,-0.04483561135135286
ID2849,2849,11,-1.0,861.3746196527653,636.5360945934898,0.0,127829.96963500977,305,5.0,1,,15.643410852713178,14.0,0.0,69.0,2018.0,13.860802674275174,0.24842849821110816,0.4491700666642227
ID2787,2787,11,-1.0,956.3923747146704,607.2573677430189,0.0,52808.44647216797,126,5.0,1,,34.87596899224806,24.0,0.0,165.0,4499.0,34.93476235963302,0.6186976252389234,0.7631522775474585
ID2851,2851,11,-1.0,627.1448048489991,528.2600481275978,0.0,239733.58239746094,572,5.0,1,,21.2015503875969,21.0,0.0,64.0,2735.0,12.661074602004337,0.3060164947510928,0.7847353603947262
ID2789,2789,11,-1.0,958.6020899486684,627.144804848999,0.0,55323.13439941406,132,5.0,1,,40.49612403100775,36.0,0.0,155.0,5224.0,30.606914055234256,0.6639627531715673,1.0559030055537135
ID2853,2853,11,-1.0,625.4875184235008,531.022192170095,0.0,247277.64617919922,590,5.0,1,,28.007751937984494,21.0,0.0,137.0,3613.0,27.49445856782752,0.4243559149300239,0.6069806015871995
ID2791,2791,11,-1.0,966.8885220761601,616.0962286790101,0.0,56161.363708496094,134,5.0,1,,23.953488372093023,12.0,0.0,152.0,3090.0,34.02018253577487,0.6802391416584596,0.5701021066950426
ID2855,2855,11,-1.0,622.1729455725041,533.7843362125923,0.0,248115.87548828125,592,5.0,1,,31.751937984496124,22.0,0.0,194.0,4096.0,32.426607276989735,0.6252313040138072,0.75339764241058
ID2793,2793,11,-1.0,955.2875170976716,626.0399472320001,0.0,56161.363708496094,134,5.0,1,,15.209302325581396,11.0,0.0,77.0,1962.0,16.028136597580446,0.547120665899096,0.6711431862660066
ID2857,2857,11,-1.0,629.9069488914963,527.7076193190983,0.0,248954.10479736328,594,5.0,1,,20.689922480620154,6.0,0.0,177.0,2669.0,32.3539503117501,0.5496200238879628,0.45362697497095333
ID2859,2859,11,-1.0,608.9146541685172,542.070768340084,0.0,248954.10479736328,594,5.0,1,,20.24031007751938,9.0,0.0,126.0,2611.0,27.265985905576585,0.6438197440343185,0.5814816979130161
ID2796,2796,11,-1.0,925.4563614387015,593.4466475305328,0.0,61190.73956298828,146,5.0,1,,24.674418604651162,24.0,0.0,91.0,3183.0,16.825001295829107,0.6701945942325084,1.1769436347103375
ID2798,2798,11,-1.0,1153.6094593489736,775.1957255268513,0.0,202432.37814331055,483,5.0,1,,27.5968992248062,25.0,0.0,97.0,3560.0,21.37920988507474,0.3766930199598684,0.7063974045310971
ID2862,2862,11,-1.0,568.3111367438078,525.7741184893503,0.0,258174.62719726562,616,5.0,1,,18.53488372093023,16.0,0.0,75.0,2391.0,13.828778027873112,0.47570788398089336,0.8641238809290082
ID2800,2800,11,-1.0,1149.1900288809782,775.1957255268513,0.0,202851.49279785156,484,5.0,1,,43.68217054263566,39.0,0.0,145.0,5635.0,32.707506902115576,0.6787529707349675,1.0799700538214796
ID2864,2864,11,-1.0,685.426044145691,607.5335821472687,0.0,342416.67276000977,817,5.0,1,,18.829457364341085,17.0,0.0,71.0,2429.0,15.194121000719196,0.10667363812669675,0.2389074879068608
ID2802,2802,11,-1.0,1159.1337474339682,763.5947205483628,0.0,203270.60745239258,485,5.0,1,,16.155038759689923,10.0,0.0,88.0,2084.0,20.045046774547533,0.4155409189280978,0.4731755480748471
ID2866,2866,11,-1.0,709.1804829111671,260.05586160111545,0.0,309306.61505126953,738,5.0,1,,13.217054263565892,11.0,0.0,83.0,1705.0,13.649039137603971,0.11870100295345584,0.20549580030767461
ID2804,2804,11,-1.0,1147.5327424554798,771.328723867355,0.0,203270.60745239258,485,5.0,1,,26.069767441860463,14.0,0.0,131.0,3363.0,31.96609190965865,0.7301264461469944,0.688331815548274
ID2868,2868,11,-1.0,711.9426269536644,99.02286392352617,0.0,342416.67276000977,817,5.0,1,,15.682170542635658,14.0,0.0,66.0,2023.0,12.239781768967038,-0.17389965675448638,-0.5394217029415755
ID2807,2807,11,-1.0,1132.0647358174951,659.1856757419671,0.0,212910.24450683594,508,5.0,1,,18.713178294573645,16.0,0.0,94.0,2414.0,16.674359900781052,0.5123133380263503,0.7603652495166937
ID2809,2809,11,-1.0,1137.5890239024895,663.6051062099626,0.0,217101.3910522461,518,5.0,1,,13.945736434108527,10.0,0.0,61.0,1799.0,14.527619211737354,0.3167262488162245,0.46181237329159186
ID2811,2811,11,-1.0,1058.039275478569,466.94045038415896,0.0,269071.60821533203,642,5.0,1,,23.449612403100776,22.0,0.0,64.0,3025.0,13.876667264867493,0.13592159804015075,0.40440880641866095
ID2813,2813,11,-1.0,994.5099625011325,363.36004879051234,0.0,295056.716796875,704,5.0,1,,28.844961240310077,19.0,0.0,160.0,3721.0,30.048515357564646,0.5785093756346323,0.7036232349300727
ID2815,2815,11,-1.0,986.2235303736408,364.46490640751125,0.0,300505.2073059082,717,5.0,1,,22.844961240310077,18.0,0.0,93.0,2947.0,18.892975551611727,0.5165834744202662,0.8237477629809032
ID2881,2881,12,-1.0,862.2032628655145,1004.7298954583722,0.0,157587.11010742188,376,5.0,1,,36.57364341085271,20.0,0.0,152.0,4718.0,39.13992830094481,0.6056908011898982,0.7049645114312396
ID2883,2883,12,-1.0,863.3081204825135,1004.7298954583722,0.0,158006.2247619629,377,5.0,1,,33.093023255813954,17.0,0.0,173.0,4269.0,41.74109969885517,0.5422650814949117,0.5575132163040235
ID2885,2885,12,-1.0,864.4129780995121,995.3386057138815,0.0,158844.45407104492,379,5.0,1,,26.767441860465116,14.0,0.0,150.0,3453.0,34.049713569809164,0.7321987496097533,0.6645913170966953
ID2887,2887,12,-1.0,861.6508340570151,1015.2260428198616,0.0,158844.45407104492,379,5.0,1,,27.232558139534884,13.0,0.0,147.0,3513.0,34.18915938109691,0.7288408454630768,0.6715953816777792
ID2890,2890,12,-1.0,872.1469814185045,1154.4381025617226,0.0,175189.92559814453,418,5.0,1,,9.093023255813954,5.0,0.0,56.0,1173.0,11.599058326854275,0.029660809211309588,0.04516524573644571
ID2892,2892,12,-1.0,884.5766296097421,1361.8751201532657,0.0,240571.81170654297,574,5.0,1,,24.387596899224807,22.0,0.0,122.0,3146.0,22.380345059029818,0.3687464454880334,0.5871337747042994
ID2894,2894,12,-1.0,886.2339160352404,1355.2459744512723,0.0,241410.041015625,576,5.0,1,,18.976744186046513,14.0,0.0,86.0,2448.0,20.15776258521418,0.5360730547885881,0.6570848898199966
ID2896,2896,12,-1.0,879.6047703332471,1372.3712675147551,0.0,241410.041015625,576,5.0,1,,21.0,8.0,0.0,153.0,2709.0,33.37172268553123,0.632248062015504,0.4874970697371305
ID2899,2899,12,-1.0,874.0804822482528,1339.777967813288,0.0,251468.79272460938,600,5.0,1,,18.472868217054263,16.0,0.0,56.0,2383.0,12.013714506359394,0.31939052359162573,0.7444502608390664
ID2901,2901,12,-1.0,870.2134805887564,1515.4503289161125,0.0,306372.8124694824,731,5.0,1,,12.232558139534884,9.0,0.0,67.0,1578.0,13.884856649819849,0.10810674525579753,0.17190047537975756
ID2903,2903,12,-1.0,862.2032628655145,1569.3121377448088,0.0,336549.06759643555,803,5.0,1,,27.75968992248062,22.0,0.0,155.0,3581.0,25.759942010864485,0.6151537924966367,0.8208608626306197
ID2905,2905,12,-1.0,844.5255409935322,1606.3248679142719,0.0,338644.6408691406,808,5.0,1,,18.875968992248062,10.0,0.0,107.0,2435.0,25.52664286826669,0.16864012008569892,0.21341535316650415
ID2907,2907,12,-1.0,845.630398610531,1607.9821543397702,0.0,339482.87017822266,810,5.0,1,,32.17054263565891,33.0,0.0,87.0,4150.0,22.717051700968952,0.4609618248353211,0.8936398108267363
ID2909,2909,12,-1.0,829.609963164047,1608.5345831482693,0.0,339482.87017822266,810,5.0,1,,31.46511627906977,30.0,0.0,115.0,4059.0,24.67952292375576,0.27043839824191196,0.542796851636261
ID2912,2912,12,-1.0,942.8578689064341,1179.8498277526974,0.0,338225.5262145996,807,5.0,1,,27.294573643410853,18.0,0.0,135.0,3521.0,30.026395445501155,0.5686584902016311,0.6590619420300647
ID2914,2914,12,-1.0,941.7530112894351,1196.4226920076808,0.0,341578.44345092773,815,5.0,1,,27.155038759689923,17.0,0.0,150.0,3503.0,31.796582366565726,0.5258267711974607,0.5886232915439388
ID2916,2916,12,-1.0,942.8578689064341,1189.241117497188,0.0,342416.67276000977,817,5.0,1,,15.89922480620155,7.0,0.0,108.0,2051.0,21.964404784090547,0.4464142365200951,0.4468192295532395
ID2918,2918,12,-1.0,936.7811520129401,1206.9188393691704,0.0,342416.67276000977,817,5.0,1,,21.031007751937985,10.0,0.0,200.0,2713.0,33.908410181070884,0.5695001650140896,0.4501063496979137
ID2921,2921,12,-1.0,835.6866800575409,1285.6399445803418,0.0,205366.18072509766,490,5.0,1,,14.527131782945736,13.0,0.0,53.0,1874.0,13.129807166912624,0.3455021448819289,0.5682217816606306
ID2923,2923,12,-1.0,850.0498290785265,1498.6012502568792,0.0,342416.67276000977,817,5.0,1,,16.131782945736433,13.0,0.0,88.0,2081.0,16.60401864241062,0.27233065871408507,0.4159064901499416
ID2925,2925,12,-1.0,1098.0903640947788,752.5461443783739,0.0,329424.1184692383,786,5.0,1,,25.100775193798448,23.0,0.0,73.0,3238.0,16.396858007538516,0.16922137252096217,0.44311347988006655
ID2927,2927,12,-1.0,1109.138940264768,778.510298377848,0.0,342416.67276000977,817,5.0,1,,23.031007751937985,20.0,0.0,78.0,2971.0,15.031185282862827,0.33188035329352744,0.7636002115988971
ID2870,2870,12,-1.0,925.1801470344516,829.0575343555475,0.0,0.0,0,5.0,1,,20.209302325581394,18.0,0.0,63.0,2607.0,12.725880629280539,0.42890441361365295,0.9533465714028799
ID2872,2872,12,-1.0,875.4615542695012,998.6531785648782,0.0,66220.11541748047,158,5.0,1,,47.263565891472865,19.0,0.0,255.0,6097.0,58.506479259224584,0.7172550849723925,0.6748252757258653
ID2874,2874,12,-1.0,887.0625592479896,1007.4920395008696,0.0,67058.3447265625,160,5.0,1,,21.906976744186046,17.0,0.0,94.0,2826.0,20.693613847507823,0.18937396951614693,0.33711490567880725
ID2876,2876,12,-1.0,865.5178357165112,1016.3309004368606,0.0,67058.3447265625,160,5.0,1,,20.25581395348837,6.0,0.0,121.0,2613.0,29.47596453833388,0.4173358521105578,0.4046919746561809
ID2879,2879,12,-1.0,857.7838323975187,988.1570312033888,0.0,76278.86712646484,182,5.0,1,,18.968992248062015,17.0,0.0,77.0,2447.0,15.743519492405508,0.3451738354922658,0.618346469451545
ID2944,2944,13,-1.0,591.2369322965349,703.9324092304224,0.0,155491.5368347168,371,5.0,1,,35.395348837209305,34.0,0.0,94.0,4566.0,19.35741888004892,0.5174637519754776,1.2470686220027762
ID2946,2946,13,-1.0,384.07612910924166,604.4952237005217,0.0,300505.2073059082,717,5.0,1,,19.627906976744185,16.0,0.0,92.0,2532.0,17.60241006556429,0.18707379934388943,0.3514528744643091
ID2948,2948,13,-1.0,372.75133853500296,614.7151566577614,0.0,332357.9210510254,793,5.0,1,,50.286821705426355,41.0,0.0,177.0,6487.0,40.154427254049786,0.6471794276128611,0.9840893722546205
ID2950,2950,13,-1.0,373.85619615200187,603.1141516792729,0.0,333196.1503601074,795,5.0,1,,33.6124031007752,20.0,0.0,149.0,4336.0,33.82775997551774,0.430617504516924,0.5981697736105394
ID2952,2952,13,-1.0,371.0940521095046,619.1345871257571,0.0,333196.1503601074,795,5.0,1,,33.72093023255814,19.0,0.0,215.0,4350.0,38.74495466028973,0.6771178919747818,0.7027730241189236
ID2955,2955,13,-1.0,358.9406183225168,609.190868572767,0.0,342416.67276000977,817,5.0,1,,33.72868217054263,23.0,0.0,130.0,4351.0,32.675428444490336,0.5014498473060006,0.6894848868993203
ID2957,2957,13,-1.0,373.30376734350244,611.4005838067648,0.0,342416.67276000977,817,5.0,1,,13.7984496124031,10.0,0.0,65.0,1780.0,15.50573474807045,0.05771707711782844,0.09711867546948297
ID2959,2959,13,-1.0,708.0756252941683,698.6843355496776,0.0,106036.00759887695,253,5.0,1,,29.976744186046513,15.0,0.0,127.0,3867.0,32.561112042463485,0.38789290638687196,0.5146015739064339
ID2961,2961,13,-1.0,777.6816551650988,376.0659113859997,0.0,342416.67276000977,817,5.0,1,,30.914728682170544,30.0,0.0,133.0,3988.0,21.765451051979696,0.3684125511675861,0.7647951618893691
ID2933,2933,13,-1.0,747.0218562933794,654.2138164654721,0.0,0.0,0,5.0,1,,11.015503875968992,0.0,0.0,73.0,1421.0,18.04594158673739,-0.19316289910836512,-0.29227567404566046
ID2935,2935,13,-1.0,669.1293942949571,703.9324092304224,0.0,99330.1731262207,237,5.0,1,,70.09302325581395,14.0,0.0,255.0,9042.0,94.73898698038612,0.6051522875173597,0.5578590574349289
ID2937,2937,13,-1.0,681.8352568904444,704.4848380389218,0.0,100168.40243530273,239,5.0,1,,48.89147286821706,16.0,0.0,255.0,6307.0,68.53434817553139,0.7847593064714903,0.6273525234726435
ID2939,2939,13,-1.0,663.0526774014633,700.6178363794257,0.0,100168.40243530273,239,5.0,1,,47.17054263565891,19.0,0.0,255.0,6085.0,60.01277520648829,0.7515322347277958,0.6745072717380413
ID2942,2942,13,-1.0,643.1652402954832,705.0372668474214,0.0,118190.3325805664,282,5.0,1,,47.25581395348837,45.0,0.0,109.0,6096.0,25.373546469997375,0.3205546788714916,0.9041693952156741
ID2976,2976,14,-1.0,1272.657867580605,1160.7910338594666,0.0,199917.69021606445,477,5.0,1,,41.57364341085271,38.0,0.0,124.0,5363.0,24.851048517177322,0.29967918712365715,0.7714784208368483
ID2978,2978,14,-1.0,1090.3563607757867,1424.852004322203,0.0,342416.67276000977,817,5.0,1,,36.883720930232556,37.0,0.0,121.0,4758.0,28.246854887695225,0.40785570527235276,0.7565593813136848
ID2963,2963,14,-1.0,1461.0360912789167,977.9370982461488,0.0,0.0,0,5.0,1,,28.015503875968992,28.0,0.0,113.0,3614.0,21.49926760966378,0.4794881482118612,0.8446390466381832
ID2965,2965,14,-1.0,1251.1131440491265,831.5434639937951,0.0,97234.59985351562,232,5.0,1,,69.23255813953489,29.0,0.0,255.0,8931.0,77.77486656488743,0.6157336537802269,0.678459956772751
ID2967,2967,14,-1.0,1247.24614238963,838.1726096957884,0.0,98491.94381713867,235,5.0,1,,79.68217054263566,37.0,0.0,255.0,10279.0,87.92903606176938,0.5352352185748611,0.6318712521546744
ID2969,2969,14,-1.0,1246.1412847726315,832.6483216107939,0.0,98911.05847167969,236,5.0,1,,50.55813953488372,16.0,0.0,255.0,6522.0,65.36602555235883,0.7119938676647072,0.643343694688349
ID2971,2971,14,-1.0,1242.8267119216348,848.1163282487785,0.0,98911.05847167969,236,5.0,1,,83.70542635658914,83.0,0.0,255.0,10798.0,62.12014607556565,0.3015625458326528,0.6244008685671235
ID2974,2974,14,-1.0,1495.839106214382,1011.0828267561158,0.0,342416.67276000977,817,5.0,1,,32.17054263565891,22.0,0.0,130.0,4150.0,29.30633571404819,0.14894118340058315,0.2846058778210939
ID3008,3008,15,-1.0,700.0654075709264,1123.7783036900034,0.0,231351.28930664062,552,5.0,1,,20.550387596899224,15.0,0.0,97.0,2651.0,19.880880120855934,0.29974449130690184,0.47676858512503534
ID3010,3010,15,-1.0,743.1548546338834,1340.3303966217873,0.0,258174.62719726562,616,5.0,1,,22.674418604651162,18.0,0.0,90.0,2925.0,21.7151886615026,0.4037828616722477,0.6006901279582249
ID3012,3012,15,-1.0,771.6049382716049,1382.591200471995,0.0,265718.6909790039,634,5.0,1,,21.05426356589147,19.0,0.0,62.0,2716.0,15.793249189487272,0.39651082887472006,0.7570234070979329
ID2980,2980,15,-1.0,369.16055127975653,975.1749542036516,0.0,0.0,0,5.0,1,,27.875968992248062,23.0,0.0,120.0,3596.0,23.60283608221755,0.40941405061021635,0.686151353676507
ID2982,2982,15,-1.0,705.5896956559208,991.1953896501358,0.0,66220.11541748047,158,5.0,1,,68.64341085271317,57.0,0.0,255.0,8855.0,51.25743824826983,0.6306536318075118,1.0358601663843368
ID3014,3014,15,-1.0,911.3694268219655,1595.2762917442826,0.0,299247.86334228516,714,5.0,1,,24.356589147286822,20.0,0.0,124.0,3142.0,22.138695778550137,0.12018030720304332,0.23606946184310956
ID3016,3016,15,-1.0,710.8377693366655,1190.8984039226864,0.0,271167.1814880371,647,5.0,1,,13.496124031007753,10.0,0.0,63.0,1741.0,13.489651143913845,0.061670590124239734,0.11623225277797188
ID2984,2984,15,-1.0,708.9042685069174,996.7196777351302,0.0,66639.23007202148,159,5.0,1,,67.89922480620154,65.0,0.0,220.0,8759.0,43.770324736279704,0.6538735323458287,1.2266100091033085
ID2986,2986,15,-1.0,719.400415868407,998.929392969128,0.0,67477.45938110352,161,5.0,1,,45.16279069767442,18.0,0.0,255.0,5826.0,61.33435399228693,0.787476025355902,0.6487899073921077
ID2988,2988,15,-1.0,703.9324092304224,1013.2925419901136,0.0,67477.45938110352,161,5.0,1,,48.17829457364341,13.0,0.0,255.0,6215.0,71.76267849790584,0.7756326551856849,0.5865239355220678
ID2991,2991,15,-1.0,705.5896956559208,1107.7578682435196,0.0,114418.30068969727,273,5.0,1,,39.97674418604651,35.0,0.0,96.0,5157.0,20.42611116786209,0.5153044000150043,1.3311153513289689
ID2993,2993,15,-1.0,418.32671523620746,1010.5303979476164,0.0,235961.5505065918,563,5.0,1,,27.612403100775193,18.0,0.0,111.0,3562.0,26.8823565738058,0.2342746132731484,0.3899242956271467
ID3026,3026,15,-1.0,696.4746203156799,1272.1054387721053,0.0,301762.55126953125,720,5.0,1,,26.984496124031008,24.0,0.0,90.0,3481.0,17.238666791603634,0.2874894685250919,0.6990671396701489
ID2995,2995,15,-1.0,171.94346664545338,942.5816545021843,0.0,295056.716796875,704,5.0,1,,24.162790697674417,21.0,0.0,90.0,3117.0,18.20662254925836,0.06676424167290157,0.16612047715885622
ID3028,3028,15,-1.0,742.3262114211342,1301.9365944310757,0.0,341997.55810546875,816,5.0,1,,32.51937984496124,31.0,0.0,108.0,4195.0,21.089134041311492,0.41019371254513803,0.8970646200130801
ID2997,2997,15,-1.0,22.787688350602256,878.4999127162482,0.0,342416.67276000977,817,5.0,1,,28.930232558139537,26.0,0.0,80.0,3732.0,16.489194400477675,0.4027894199380096,1.007553358456137
ID3030,3030,15,-1.0,741.2213538041352,1294.7550199205828,0.0,342416.67276000977,817,5.0,1,,26.511627906976745,19.0,0.0,109.0,3420.0,24.282876000598964,0.4358091416263728,0.6627746530143467
ID2999,2999,15,-1.0,717.7431294429086,1240.8932110918865,0.0,210395.55657958984,502,5.0,1,,42.47286821705426,31.0,0.0,174.0,5479.0,39.88148017865322,0.589920720213162,0.7902936611636078
ID3032,3032,15,-1.0,741.2213538041352,1303.593880856574,0.0,342416.67276000977,817,5.0,1,,21.186046511627907,13.0,0.0,94.0,2733.0,21.678318460597215,0.1284056562595225,0.22241968712952542
ID3001,3001,15,-1.0,715.5334142089108,1240.8932110918865,0.0,210814.67123413086,503,5.0,1,,54.14728682170543,47.0,0.0,179.0,6985.0,44.61643839004188,0.7030454137230044,1.0020028284010531
ID3003,3003,15,-1.0,721.0577022939053,1250.8369296448766,0.0,211652.9005432129,505,5.0,1,,38.72093023255814,22.0,0.0,188.0,4995.0,43.40056464641798,0.616680181180566,0.680638130157747
ID3005,3005,15,-1.0,705.5896956559208,1238.1310670493892,0.0,211652.9005432129,505,5.0,1,,31.53488372093023,14.0,0.0,154.0,4068.0,38.2659375521388,0.4945521379597412,0.5453934083144518
ID3072,3072,17,-1.0,1154.1618881574732,1203.6042665181737,0.0,280806.81854248047,670,5.0,1,,29.93798449612403,12.0,0.0,255.0,3862.0,45.59429650768841,0.5500073651693669,0.4659901953052215
ID3074,3074,17,-1.0,1145.3230272214819,1188.6886886886887,0.0,280806.81854248047,670,5.0,1,,32.03875968992248,14.0,0.0,171.0,4133.0,44.214039607907495,0.6372550517328844,0.5640822611047477
ID3077,3077,17,-1.0,1128.197734157999,948.934585799928,0.0,336549.06759643555,803,5.0,1,,20.666666666666668,16.0,0.0,121.0,2666.0,22.57568289849353,0.2712053875725932,0.3906088888206327
ID3079,3079,17,-1.0,1128.7501629664985,914.9602140772118,0.0,342416.67276000977,817,5.0,1,,21.627906976744185,19.0,0.0,83.0,2790.0,17.345780181827482,0.29552855920240967,0.5688570116442159
ID3081,3081,17,-1.0,1151.9521729234752,1089.5277175630374,0.0,342416.67276000977,817,5.0,1,,29.023255813953487,26.0,0.0,118.0,3744.0,26.28226145981088,0.5644676786434666,0.7968670660984147
ID3083,3083,17,-1.0,905.0164955242218,1263.542792240364,0.0,237638.00912475586,567,5.0,1,,75.44961240310077,39.0,0.0,255.0,9733.0,80.62024804216274,0.7441750347978745,0.7985974318477362
ID3085,3085,17,-1.0,907.2262107582195,1264.0952210488633,0.0,238476.2384338379,569,5.0,1,,59.286821705426355,16.0,0.0,255.0,7648.0,79.95127361775278,0.6452854456231252,0.581665615911879
ID3087,3087,17,-1.0,906.1213531412207,1258.0185041553693,0.0,238895.3530883789,570,5.0,1,,47.007751937984494,29.0,0.0,227.0,6064.0,50.712192833065146,0.6269315255872397,0.7143942037389873
ID3089,3089,17,-1.0,906.6737819497201,1269.0670803253583,0.0,238895.3530883789,570,5.0,1,,41.775193798449614,24.0,0.0,172.0,5389.0,44.26875314310266,0.704418630081677,0.7800200027265926
ID3092,3092,17,-1.0,904.4640667157223,1281.220514112346,0.0,240152.69705200195,573,5.0,1,,42.23255813953488,38.0,0.0,163.0,5448.0,36.076635363986576,0.7382657717574069,0.9943697693647464
ID3094,3094,17,-1.0,883.4717719927434,1322.1002459413055,0.0,246439.4168701172,588,5.0,1,,22.310077519379846,15.0,0.0,101.0,2878.0,23.574946463888182,0.3392184320003168,0.4794114299808913
ID3096,3096,17,-1.0,771.6049382716049,1119.082658817758,0.0,323975.6279602051,773,5.0,1,,14.162790697674419,5.0,0.0,114.0,1827.0,20.852829056297438,-0.14811707698174276,-0.2361777985364089
ID3098,3098,17,-1.0,763.8709349526126,1102.5097945627747,0.0,331519.69174194336,791,5.0,1,,25.271317829457363,23.0,0.0,84.0,3260.0,21.93482958746221,0.3702509022677844,0.6226151004672459
ID3035,3035,17,-1.0,727.9630624001485,719.6766302726567,0.0,0.0,0,5.0,1,,35.7906976744186,36.0,0.0,111.0,4617.0,26.771800234401454,0.303477846593616,0.6225094139542912
ID3100,3100,17,-1.0,729.6203488256468,1071.5737812868056,0.0,342416.67276000977,817,5.0,1,,33.42635658914729,33.0,0.0,101.0,4312.0,22.166548274440494,0.16220916312670883,0.4209321087241645
ID3037,3037,17,-1.0,916.8937149069599,814.694385334562,0.0,59514.28094482422,142,5.0,1,,84.17054263565892,68.0,0.0,255.0,10858.0,72.60532479084777,0.655274530104015,0.9178567482272377
ID3102,3102,17,-1.0,1035.113479925842,1422.9185034924546,0.0,342416.67276000977,817,5.0,1,,33.674418604651166,31.0,0.0,108.0,4344.0,22.537178585720334,0.4461634493429223,0.9219495656866125
ID3039,3039,17,-1.0,932.914150353444,810.2749548665662,0.0,60352.51025390625,144,5.0,1,,51.007751937984494,11.0,0.0,255.0,6580.0,78.4738706636673,0.720628725503219,0.5444594064626552
ID3041,3041,17,-1.0,913.0267132474638,820.2186734195564,0.0,60352.51025390625,144,5.0,1,,55.42635658914729,22.0,0.0,255.0,7150.0,71.62192131186582,0.7652072168373611,0.670940059739142
ID3044,3044,17,-1.0,1177.0876837102003,932.3617215449445,0.0,157167.99545288086,375,5.0,1,,57.434108527131784,29.0,0.0,255.0,7409.0,66.11612002771622,0.6028980987556151,0.653477323000269
ID3046,3046,17,-1.0,1173.2206820507042,925.7325758429512,0.0,158006.2247619629,377,5.0,1,,73.66666666666667,30.0,0.0,255.0,9503.0,79.56398106764978,0.7535981091461613,0.7957822369778725
ID3048,3048,17,-1.0,1178.1925413271993,922.4180029919544,0.0,158425.3394165039,378,5.0,1,,47.434108527131784,21.0,0.0,255.0,6119.0,62.40252961634952,0.8265164115001569,0.6879334802951359
ID3050,3050,17,-1.0,1164.3818211147127,932.3617215449445,0.0,158425.3394165039,378,5.0,1,,33.85271317829457,9.0,0.0,255.0,4367.0,57.20414385874858,0.393571800487413,0.3342647736637147
ID3053,3053,17,-1.0,1117.4253723922598,988.1570312033888,0.0,271586.2961425781,648,5.0,1,,47.12403100775194,18.0,0.0,255.0,6079.0,63.72095021359953,0.6256646458209459,0.5692471166292057
ID3055,3055,17,-1.0,1120.187516434757,985.3948871608916,0.0,272424.52545166016,650,5.0,1,,49.23255813953488,20.0,0.0,255.0,6351.0,60.63434356192904,0.6510058065794072,0.6403242942056953
ID3057,3057,17,-1.0,1121.8448028602554,977.1084550333999,0.0,273262.7547607422,652,5.0,1,,32.14728682170543,19.0,0.0,229.0,4147.0,38.83038049790915,0.756582797616466,0.7131658055515063
ID3059,3059,17,-1.0,1119.6350876262575,996.4434633308805,0.0,273262.7547607422,652,5.0,1,,22.248062015503876,5.0,0.0,202.0,2870.0,37.57513951399415,0.38758946320789406,0.3307749017060801
ID3062,3062,17,-1.0,1091.4612183927854,883.1955575884934,0.0,342416.67276000977,817,5.0,1,,22.496124031007753,16.0,0.0,118.0,2902.0,24.20489491785693,0.0069368375883023334,0.012805418874722278
ID3064,3064,17,-1.0,1164.9342499232125,946.7248705659301,0.0,342416.67276000977,817,5.0,1,,19.217054263565892,15.0,0.0,99.0,2479.0,20.27504671708169,0.3040723931255631,0.4420081117287624
ID3066,3066,17,-1.0,1153.8856737532233,1211.338269837166,0.0,274520.09872436523,655,5.0,1,,31.5968992248062,31.0,0.0,96.0,4076.0,23.576842246367043,0.28775183962928036,0.5989281875606072
ID3068,3068,17,-1.0,1152.5046017319748,1208.5761257946688,0.0,277453.90130615234,662,5.0,1,,49.798449612403104,34.0,0.0,218.0,6424.0,49.47827487976434,0.6523153665033568,0.7946866842810801
ID3070,3070,17,-1.0,1150.8473153064765,1199.7372648586775,0.0,279968.58923339844,668,5.0,1,,52.248062015503876,40.0,0.0,207.0,6740.0,51.21264355114001,0.6947799168205356,0.8364826452405457
