,Track_ID,Source_ID,Splitting_event,Lineage,Track_Coordinate_X,Track_Coordinate_Y,Frame,EndPoint_ID,Position,Dataset,Condition,Generation,Mother_ID,Grandmother_ID,Sister_ID,Daughters_ID,Number_of_daughters_in_mitosis,Mother_Number_of_daughters_in_mitosis,Cell_Cycle_mins,Cell_Cycle_hours,Seen_sister,Seen_granny,1st Error Type,comment,2nd Error Type,comment 2
31,16,2456,TRUE,2456.000,704.485,721.058,3,[],2,Example,siHAUS6,1,,,,['2463' '2520'],2,NaN,NaN,NaN,,,normal,,blank,
75,33,3309,TRUE,3309.000,864.965,619.411,24,[],2,Example,siHAUS6,1,,,,['3318' '3345'],2,NaN,NaN,NaN,,,normal,,blank,
44,25,2679,TRUE,2679.000,883.472,355.350,29,[],2,Example,siHAUS6,1,,,,['2687' '2696'],2,NaN,NaN,NaN,,,normal,,blank,
69,32,3252,TRUE,3252.000,753.375,964.126,36,[],2,Example,siHAUS6,1,,,,['3259' '3289'],2,NaN,NaN,NaN,,,normal,,blank,
40,20,2600,TRUE,2600.000,1076.822,705.590,45,[],2,Example,siHAUS6,1,,,,['2621' '2629'],2,NaN,NaN,NaN,,,normal,,blank,
24,14,2370,TRUE,2370.000,817.180,519.974,83,[],2,Example,siHAUS6,1,,,,['2377' '2390'],2,NaN,NaN,NaN,,,normal,,blank,
16,9,2272,TRUE,2272.000,1351.931,791.769,94,"['2280', '2282']",2,Example,siHAUS6,1,,,,[],0,NaN,NaN,NaN,,,normal,,blank,
52,27,3066,TRUE,3066.000,807.086,704.918,106,[],2,Example,siHAUS6,1,,,,['3074' '3103'],2,NaN,NaN,NaN,,,normal,,blank,
60,30,3153,TRUE,3153.000,1220.730,823.809,151,[],2,Example,siHAUS6,1,,,,['3161' '3180'],2,NaN,NaN,NaN,,,normal,,blank,
27,15,2407,TRUE,2407.000,906.674,273.590,154,[],2,Example,siHAUS6,1,,,,['2415' '2429'],2,NaN,NaN,NaN,,,normal,,blank,
3,4,2107,TRUE,2107.000,777.405,811.656,158,[],2,Example,siHAUS6,1,,,,['2118' '2130'],2,NaN,NaN,NaN,,,normal,,blank,
57,28,3119,TRUE,3119.000,879.329,643.718,162,[],2,Example,siHAUS6,1,,,,['3126'],1,NaN,NaN,NaN,,,normal,,blank,
1,1,2035,TRUE,2035.000,1038.152,475.779,164,['3052'],2,Example,siHAUS6,1,,,,[],0,NaN,NaN,NaN,,,normal,,blank,
11,7,2204,TRUE,2204.000,1072.402,895.625,167,[],2,Example,siHAUS6,1,,,,['2212' '2225'],2,NaN,NaN,NaN,,,normal,,blank,
17,10,2287,TRUE,2287.000,444.843,558.644,170,[],2,Example,siHAUS6,1,,,,['2296' '2306'],2,NaN,NaN,NaN,,,normal,,blank,
0,0,2008,TRUE,2008.000,1029.313,415.012,174,['2010'],2,Example,siHAUS6,1,,,,[],0,NaN,NaN,NaN,,,Cytokinesis Failure,,blank,
14,8,2244,TRUE,2244.000,236.025,788.454,186,['2253'],2,Example,siHAUS6,1,,,,['2256'],1,NaN,NaN,NaN,,,normal,,blank,
42,20,2629,TRUE,2600.263,1038.152,722.163,194,[],2,Example,siHAUS6,2,2600,,2621,['2659'],1,2,1043,17.383,FALSE,,normal,,blank,
76,33,3318,TRUE,3309.332,818.561,918.827,196,[],2,Example,siHAUS6,2,3309,,3345,['3324' '3336'],2,2,1204,20.067,FALSE,,normal,,blank,
81,34,3369,TRUE,3369.000,1080.413,679.073,205,[],2,Example,siHAUS6,1,,,,['3377' '3397'],2,NaN,NaN,NaN,,,normal,,blank,
65,31,3207,TRUE,3207.000,721.334,725.477,211,[],2,Example,siHAUS6,1,,,,['3215' '3228'],2,NaN,NaN,NaN,,,normal,,blank,
32,16,2463,TRUE,2456.246,574.112,546.490,219,[],2,Example,siHAUS6,2,2456,,2520,['2471' '2485'],2,2,1512,25.200,TRUE,,normal,,blank,
79,33,3345,TRUE,3309.334,1016.331,588.475,223,['3352'],2,Example,siHAUS6,2,3309,,3318,['3354'],1,2,1393,23.217,TRUE,,normal,,blank,
9,6,2181,TRUE,2181.000,461.416,273.590,223,[],2,Example,siHAUS6,1,,,,['2190'],1,NaN,NaN,NaN,,,normal,,blank,
2,3,2079,TRUE,2079.000,725.477,481.304,223,['2083'],2,Example,siHAUS6,1,,,,[],0,NaN,NaN,NaN,,,normal,,blank,
45,25,2687,TRUE,2679.269,858.060,426.061,235,[],2,Example,siHAUS6,2,2679,,2696,['2724' '2732'],2,2,1442,24.033,TRUE,,normal,,blank,
70,32,3259,TRUE,3252.326,800.884,845.907,252,[],2,Example,siHAUS6,2,3252,,3289,['3266' '3279'],2,2,1512,25.200,TRUE,,normal,,blank,
21,12,2333,TRUE,2333.000,503.401,606.153,282,[],2,Example,siHAUS6,1,,,,['2340'],1,NaN,NaN,NaN,,,Multipolar Division,,blank,
73,32,3289,TRUE,3252.329,425.232,940.924,301,['3304'],2,Example,siHAUS6,2,3252,,3259,['3296'],1,2,1855,30.917,FALSE,,normal,,blank,
8,5,2165,TRUE,2165.000,859.165,765.252,306,[],2,Example,siHAUS6,1,,,,[],0,NaN,NaN,NaN,,,normal,,blank,
25,14,2377,TRUE,2370.238,980.699,303.422,317,['2384'],2,Example,siHAUS6,2,2370,,2390,[],0,2,1638,27.300,FALSE,,Laggings,,MN,
26,14,2390,TRUE,2370.239,721.058,442.634,322,[],2,Example,siHAUS6,2,2370,,2377,[],0,2,1673,27.883,TRUE,,Misaligned,,blank,
20,11,2317,TRUE,2317.000,985.119,722.163,357,[],2,Example,siHAUS6,1,,,,[],0,NaN,NaN,NaN,,,normal,,blank,
23,13,2353,TRUE,2353.000,859.165,800.607,358,[],2,Example,siHAUS6,1,,,,[],0,NaN,NaN,NaN,,,normal,,blank,
82,34,3377,TRUE,3369.338,1022.960,729.897,374,[],2,Example,siHAUS6,2,3369,,3397,['3384'],1,2,1183,19.717,FALSE,,normal,,blank,
37,16,2520,TRUE,2456.252,740.945,146.532,378,[],2,Example,siHAUS6,2,2456,,2463,['2528'],1,2,2625,43.750,FALSE,,normal,,blank,
84,34,3397,TRUE,3369.340,1145.599,676.863,379,[],2,Example,siHAUS6,2,3369,,3377,['3404' '3418'],2,2,1218,20.300,TRUE,,normal,,blank,
66,31,3215,TRUE,3207.322,710.285,641.508,383,[],2,Example,siHAUS6,2,3207,,3228,[],0,2,1204,20.067,TRUE,,normal,,blank,
46,25,2696,TRUE,2679.270,1207.195,536.546,394,['2782'],2,Example,siHAUS6,2,2679,,2687,['2706'],1,2,2555,42.583,FALSE,,normal,,blank,
29,15,2429,TRUE,2407.243,1065.773,325.519,395,['2437'],2,Example,siHAUS6,2,2407,,2415,['2440'],1,2,1687,28.117,TRUE,,normal,,blank,
58,28,3126,TRUE,3119.313,626.316,1112.177,403,[],2,Example,siHAUS6,2,3119,,,['3134'],1,1,1687,28.117,,,normal,,blank,
4,4,2118,TRUE,2107.212,606.153,913.303,420,[],2,Example,siHAUS6,2,2107,,2130,[],0,2,1834,30.567,TRUE,,normal,,blank,
28,15,2415,TRUE,2407.242,1081.241,433.795,429,[],2,Example,siHAUS6,2,2407,,2429,[],0,2,1925,32.083,FALSE,,normal,,blank,
67,31,3228,TRUE,3207.323,750.060,694.541,435,[],2,Example,siHAUS6,2,3207,,3215,['3235'],1,2,1568,26.133,FALSE,,normal,,blank,
5,4,2130,TRUE,2107.213,953.078,359.769,450,[],2,Example,siHAUS6,2,2107,,2118,['2138' '2150'],2,2,2044,34.067,FALSE,,normal,,blank,
15,8,2256,TRUE,2244.226,574.112,725.477,474,['2264'],2,Example,siHAUS6,2,2244,,,[],0,1,2016,33.600,,,normal,,blank,
61,30,3161,TRUE,3153.316,1271.553,777.405,475,[],2,Example,siHAUS6,2,3153,,3180,['3169'],1,2,2268,37.800,TRUE,,normal,,blank,
77,33,3324,TRUE,3309.3318.3324,773.262,1092.290,483,[],2,Example,siHAUS6,3,3318,3309,3336,[],0,2,2009,33.483,FALSE,TRUE,normal,,blank,
41,20,2621,TRUE,2600.262,1132.065,535.442,493,[],2,Example,siHAUS6,2,2600,,2629,[],0,2,3136,52.267,TRUE,,Massive Missegregation,,blank,
49,25,2732,TRUE,2679.2687.2732,558.644,321.099,497,[],2,Example,siHAUS6,3,2687,2679,2724,['2741'],1,2,1834,30.567,TRUE,TRUE,normal,,blank,
71,32,3266,TRUE,3252.3259.3266,595.380,479.094,499,[],2,Example,siHAUS6,3,3259,3252,3279,[],0,2,1729,28.817,TRUE,TRUE,normal,,blank,
63,30,3180,TRUE,3153.318,1125.712,725.477,501,[],2,Example,siHAUS6,2,3153,,3161,['3190'],1,2,2450,40.833,FALSE,,normal,,blank,
13,7,2225,TRUE,2204.222,1063.564,916.618,507,[],2,Example,siHAUS6,2,2204,,2212,[],0,2,2380,39.667,FALSE,,normal,,blank,
48,25,2724,TRUE,2679.2687.2724,1124.331,323.309,508,[],2,Example,siHAUS6,3,2687,2679,2732,['2759'],1,2,1911,31.850,FALSE,TRUE,Misaligned,,blank,
34,16,2485,TRUE,2456.2463.2485,441.529,749.784,515,[],2,Example,siHAUS6,3,2463,2456,2471,['2494' '2507'],2,2,2072,34.533,FALSE,TRUE,normal,,blank,
12,7,2212,TRUE,2204.221,1128.750,896.730,536,[],2,Example,siHAUS6,2,2204,,2225,[],0,2,2583,43.050,TRUE,,normal,,blank,
53,27,3074,TRUE,3066.307,911.717,723.382,536,[],2,Example,siHAUS6,2,3066,,3103,['3082' '3095'],2,2,3010,50.167,FALSE,,normal,,blank,
80,33,3354,TRUE,3309.3345.3354,998.653,458.102,538,[],2,Example,siHAUS6,3,3345,3309,,[],0,1,2205,36.750,,FALSE,normal,,blank,
78,33,3336,TRUE,3309.3318.3336,495.943,1144.218,545,"['3338', '3340']",2,Example,siHAUS6,3,3318,3309,3324,[],0,2,2443,40.717,TRUE,TRUE,Mitotic Death,,blank,
43,20,2659,TRUE,2600.2629.2659,1526.499,637.089,564,[],2,Example,siHAUS6,3,2629,2600,,[],0,1,2590,43.167,,FALSE,normal,,blank,
22,12,2340,TRUE,2333.234,538.756,578.531,566,"['2342', '2344']",2,Example,siHAUS6,2,2333,,,[],0,1,1988,33.133,,,Misaligned,,blank,
38,16,2528,TRUE,2456.2520.2528,749.784,222.767,577,[],2,Example,siHAUS6,3,2520,2456,,['2539'],1,1,1393,23.217,,FALSE,normal,,blank,
18,10,2296,TRUE,2287.230,755.308,358.664,596,['2298'],2,Example,siHAUS6,2,2287,,2306,[],0,2,2982,49.700,TRUE,,Massive Missegregation,,blank,
56,27,3103,TRUE,3066.310,702.551,442.634,598,[],2,Example,siHAUS6,2,3066,,3074,[],0,2,3444,57.400,TRUE,,normal,,blank,
19,10,2306,TRUE,2287.231,522.183,567.482,601,"['2308', '2310']",2,Example,siHAUS6,2,2287,,2296,[],0,2,3017,50.283,FALSE,,Mitotic Death,,blank,
59,28,3134,TRUE,3119.3126.3134,1032.904,847.011,624,[],2,Example,siHAUS6,3,3126,3119,,[],0,1,1547,25.783,,FALSE,normal,,blank,
55,27,3095,TRUE,3066.3074.3095,926.837,613.887,626,"['3097', '3099']",2,Example,siHAUS6,3,3074,3066,3082,[],0,2,630,10.500,FALSE,FALSE,Mitotic Death,,blank,
86,34,3418,TRUE,3369.3397.3418,1369.885,523.288,627,[],2,Example,siHAUS6,3,3397,3369,3404,[],0,2,1736,28.933,FALSE,FALSE,normal,,blank,
72,32,3279,TRUE,3252.3259.3279,697.027,812.761,634,['3281'],2,Example,siHAUS6,3,3259,3252,3266,[],0,2,2674,44.567,FALSE,FALSE,Massive Missegregation,,blank,
83,34,3384,TRUE,3369.3377.3384,1250.561,847.011,654,[],2,Example,siHAUS6,3,3377,3369,,[],0,1,1960,32.667,,TRUE,normal,,blank,
7,4,2150,TRUE,2107.2130.2150,930.981,423.851,668,[],2,Example,siHAUS6,3,2130,2107,2138,[],0,2,1526,25.433,TRUE,TRUE,normal,,blank,
33,16,2471,TRUE,2456.2463.2471,765.252,819.390,680,[],2,Example,siHAUS6,3,2463,2456,2485,[],0,2,3227,53.783,TRUE,TRUE,normal,,blank,
6,4,2138,TRUE,2107.2130.2138,842.592,199.565,684,[],2,Example,siHAUS6,3,2130,2107,2150,[],0,2,1638,27.300,FALSE,FALSE,normal,,blank,
68,31,3235,TRUE,3207.3228.3235,666.091,805.027,705,[],2,Example,siHAUS6,3,3228,3207,,[],0,1,1890,31.500,,FALSE,normal,,blank,
85,34,3404,TRUE,3369.3397.3404,1535.614,654.766,714,[],2,Example,siHAUS6,3,3397,3369,3418,[],0,2,2345,39.083,TRUE,TRUE,normal,,blank,
35,16,2494,TRUE,2456.2463.2485.2494,324.414,919.932,717,[],2,Example,siHAUS6,4,2485,2463,2507,[],0,2,1414,23.567,TRUE,TRUE,normal,,blank,
10,6,2190,TRUE,2181.219,527.708,10.634,719,"['2192', '2194']",2,Example,siHAUS6,2,2181,,,[],0,1,3472,57.867,,,normal,,blank,
47,25,2706,TRUE,2679.2696.2706,1164.106,391.810,724,[],2,Example,siHAUS6,3,2696,2679,,[],0,1,2310,38.500,,FALSE,normal,,blank,
36,16,2507,TRUE,2456.2463.2485.2507,394.020,757.518,743,[],2,Example,siHAUS6,4,2485,2463,2494,[],0,2,1596,26.600,FALSE,FALSE,normal,,blank,
50,25,2741,TRUE,2679.2687.2732.2741,631.564,102.337,753,[],2,Example,siHAUS6,4,2732,2687,,[],0,1,1792,29.867,,FALSE,normal,,blank,
64,30,3190,TRUE,3153.3180.3190,961.088,529.917,756,[],2,Example,siHAUS6,3,3180,3153,,[],0,1,1785,29.750,,TRUE,normal,,blank,
30,15,2440,TRUE,2407.2429.2440,1408.279,450.368,764,[],2,Example,siHAUS6,3,2429,2407,,[],0,1,2583,43.050,,FALSE,normal,,blank,
51,25,2759,TRUE,2679.2687.2724.2759,858.060,243.759,766,[],2,Example,siHAUS6,4,2724,2687,,[],0,1,1806,30.100,,TRUE,normal,,blank,
74,32,3296,TRUE,3252.3289.3296,698.132,731.001,801,"['3298', '3300']",2,Example,siHAUS6,3,3289,3252,,[],0,1,3500,58.333,,TRUE,Mitotic Death,,blank,
54,27,3082,TRUE,3066.3074.3082,930.181,916.641,802,[],2,Example,siHAUS6,3,3074,3066,3095,[],0,2,1862,31.033,TRUE,TRUE,normal,,blank,
39,16,2539,TRUE,2456.2520.2528.2539,764.147,391.810,806,[],2,Example,siHAUS6,4,2528,2520,,[],0,1,1603,26.717,,FALSE,normal,,blank,
62,30,3169,TRUE,3153.3161.3169,1395.297,732.106,816,[],2,Example,siHAUS6,3,3161,3153,,[],0,1,2387,39.783,,FALSE,Other,Movie ends,blank,