LABEL,TRACK_ID,SPOT_SOURCE_ID,SPOT_TARGET_ID,LINK_COST,DIRECTIONAL_CHANGE_RATE,SPEED,DISPLACEMENT,EDGE_TIME,EDGE_X_LOCATION,EDGE_Y_LOCATION,EDGE_Z_LOCATION,MANUAL_EDGE_COLOR
Label,Track ID,Source spot ID,Target spot ID,Edge cost,Directional change rate,Speed,Displacement,Edge time,Edge X,Edge Y,Edge Z,Manual edge color
Label,Track ID,Source ID,Target ID,Cost,? rate,Speed,Disp.,Edge T,Edge X,Edge Y,Edge Z,Edge color
,,,,(cost),(rad/sec),(micron/sec),(micron),(sec),(micron),(micron),(micron),
ID2004 ? ID2008,0,2004,2008,-1.0,NaN,0.0026087714361541663,190.24737052419485,36463.020080566406,1011.082826756116,508.37261102161756,0.0,
ID2008 ? ID2012,0,2008,2012,-1.0,0.002345812051011754,0.03427017186356819,14.363149020985619,73135.59774780273,1035.9421231385911,412.2499983427135,0.0,
ID2008 ? ID2010,0,2008,2010,-1.0,0.0025200853055949335,0.008336292222637872,3.493866559902463,73135.59774780273,1030.970263862096,414.45971357671135,0.0,
ID2012 ? ID2016,0,2012,2016,-1.0,3.05278435538954E-6,7.938424388219175E-4,213.600726087581,207881.1259765625,1139.7987391364873,453.68215898017223,0.0,
ID2035 ? ID2037,1,2035,2037,-1.0,0.0036154029045600273,0.018453169464998448,7.734003318992336,68944.4460144043,1038.1518383725888,479.64631297964627,0.0,
ID2035 ? ID2039,1,2035,2039,-1.0,0.005169800753229719,0.015371363351118973,6.44237161537395,68944.4460144043,1039.8091247980872,473.0171672776529,0.0,
ID2039 ? ID2043,1,2039,2043,-1.0,9.066958131700564E-6,8.01186578723698E-4,218.9347225862091,205785.55010986328,939.2670816511875,509.47746863861653,0.0,
ID2035 ? ID3052,1,2035,3052,-1.0,NaN,0.0015655909660427076,107.61072037441438,34367.44421386719,1091.8742748950185,472.79324384458937,0.0,
ID2037 ? ID2046,1,2037,2046,-1.0,3.4998296700549303E-6,8.06555268078889E-4,220.4017872448591,205785.55010986328,948.1059425871788,547.042627616579,0.0,
ID2070 ? ID2079,3,2070,2079,-1.0,NaN,0.0021029096650986815,196.54358078370828,46731.34182739258,651.4516724229749,416.6694288107092,0.0,
ID2081 ? ID2086,3,2081,2086,-1.0,6.910133681260279E-6,6.771292723279602E-4,168.29052534071266,218149.44772338867,806.6841676113199,500.08617889412585,0.0,
ID2079 ? ID2081,3,2079,2081,-1.0,0.0026993144109488687,0.019191585930100393,8.043484863760533,93672.24124145508,724.372275144902,485.1706010646408,0.0,
ID2079 ? ID2083,3,2079,2083,-1.0,0.005460476811455423,0.010544668265713476,4.419430467995653,93672.24124145508,725.477132761901,479.09388417114684,0.0,
ID2150 ? ID2152,4,2150,2152,-1.0,9.344571178444836E-4,0.01687970523696919,7.07454058631781,280178.49337768555,928.7709342896981,426.6131473636992,0.0,
ID2122 ? ID2125,4,2122,2125,-1.0,1.942938993409286E-7,5.839965395010548E-4,96.92567710960998,259432.29229736328,641.5079538699847,950.868086629676,0.0,
ID2107 ? ID2112,4,2107,2112,-1.0,0.0012018600601312968,0.02058912297620767,8.629213845088637,66429.75497436523,780.7200136118457,808.8938828453176,0.0,
ID2142 ? ID2145,4,2142,2145,-1.0,1.8296066726851274E-5,7.993376231181863E-4,44.22191749407133,314755.49517822266,840.9347537382857,174.70561068795064,0.0,
ID2140 ? ID2147,4,2140,2147,-1.0,4.528090037007853E-5,4.038877237454852E-4,22.344362481859964,314755.49517822266,837.0677520787896,203.43190872992196,0.0,
ID2104 ? ID2107,4,2104,2107,-1.0,NaN,0.004173485612129507,276.36904102992236,33110.098693847656,727.1344191873993,940.3719392681865,0.0,
ID2107 ? ID2110,4,2107,2110,-1.0,0.006981208267627544,0.009504835528696706,3.9836207901764253,66429.75497436523,776.3005831438502,813.3133133133133,0.0,
ID2132 ? ID2150,4,2132,2150,-1.0,7.083162741490519E-6,6.958510893225163E-4,63.28625973266724,234494.93948364258,939.819510459687,393.4674188537323,0.0,
ID2130 ? ID2132,4,2130,2132,-1.0,0.006147043604561604,0.013180835332141762,5.524288084994532,188811.3855895996,950.868086629676,361.4265479607643,0.0,
ID2130 ? ID2134,4,2130,2134,-1.0,0.00226673829592533,0.028514506586090532,11.95086237052945,188811.3855895996,949.7632290126771,354.79740225877094,0.0,
ID2138 ? ID2142,4,2138,2142,-1.0,0.0033169348299480193,0.011184309654072695,4.687513879353165,286884.33615112305,844.2493265892824,197.90762064492748,0.0,
ID2134 ? ID2138,4,2134,2138,-1.0,1.7180020834743426E-7,0.0018704784762371663,182.6593972156047,237847.86087036133,894.5203481627323,274.69522502635084,0.0,
ID2112 ? ID2130,4,2112,2130,-1.0,4.214706776672261E-6,0.003913495614475056,477.2997693122006,127620.57028198242,868.5561941632582,582.9505001690432,0.0,
ID2152 ? ID2159,4,2152,2159,-1.0,1.270198365141926E-5,7.887693229230674E-4,48.92660834230379,311402.5737915039,929.3233630981974,453.6821589801722,0.0,
ID2118 ? ID2120,4,2118,2120,-1.0,1.5081017323657792E-4,0.017683946281739808,7.411610211203865,176237.9303894043,602.8379372750234,914.9602140772118,0.0,
ID2138 ? ID2140,4,2138,2140,-1.0,0.0070648218708240325,0.018640516090121045,7.812523132255228,286884.33615112305,845.3541842062813,202.32705111292307,0.0,
ID2110 ? ID2118,4,2110,2118,-1.0,4.168051918004083E-6,0.0017877740134023526,195.56291925061433,121333.84268188477,690.6741178264357,864.1367636952625,0.0,
ID2150 ? ID2154,4,2150,2154,-1.0,0.006768272818034042,0.009504835528697008,3.9836207901765515,280178.49337768555,932.0855071406947,422.19371689570363,0.0,
ID2120 ? ID2128,4,2120,2128,-1.0,3.7483609260132733E-6,0.0011136883503800993,184.8384196623835,259432.29229736328,556.4339173610697,998.3769641606286,0.0,
ID2118 ? ID2122,4,2118,2122,-1.0,0.004364766932002101,0.007456206436048207,3.125009252902003,176237.9303894043,607.2573677430189,914.4077852687124,0.0,
ID2154 ? ID2157,4,2154,2157,-1.0,4.292186389095301E-5,0.0021322312785609994,132.26027132338004,311402.5737915039,926.0087902472007,486.27545868163963,0.0,
ID2162 ? ID2165,5,2162,2165,-1.0,NaN,5.85878245263473E-4,75.13844146981106,64124.621520996094,870.2134805887565,801.1598795263254,0.0,
ID2165 ? ID2169,5,2165,2169,-1.0,0.0013474839773437875,0.030056929055972705,12.597315031357386,128458.80062866211,860.8221908442658,759.1752900803674,0.0,
ID2165 ? ID2167,5,2165,2167,-1.0,0.006783561901010591,0.005272334132856467,2.209715233997713,128458.80062866211,859.1649044187675,766.3568645908601,0.0,
ID2167 ? ID2175,5,2167,2175,-1.0,4.841251438419816E-6,0.0023988072791386516,512.7420295885883,235542.7274169922,638.7458098274875,898.3873498222283,0.0,
ID2169 ? ID2172,5,2169,2172,-1.0,8.594429093094872E-6,2.5844775161061643E-5,5.524288084994396,235542.7274169922,859.717333227267,753.0985731868734,0.0,
ID2181 ? ID2185,6,2181,2185,-1.0,0.00581405146501149,0.026493151134099686,11.103681629886868,93672.24124145508,461.96859110766394,279.11465549434644,0.0,
ID2185 ? ID2190,6,2185,2190,-1.0,1.3536755613314616E-5,0.0013576077008715713,281.6520235047562,197612.80422973633,495.1143196176309,147.63659907147763,0.0,
ID2181 ? ID2183,6,2181,2183,-1.0,2.929769841240049E-4,0.013180835332141738,5.524288084994521,93672.24124145508,459.2064470651667,271.93308098385364,0.0,
ID2178 ? ID2181,6,2178,2181,-1.0,NaN,0.001312598771164172,122.67900371497673,46731.34182739258,505.61046697912036,316.1273856638095,0.0,
ID2190 ? ID2192,6,2190,2192,-1.0,0.004067352471465028,0.026493151134099967,11.103681629886985,301553.3672180176,522.1833312341039,10.081825755114938,0.0,
ID2190 ? ID2194,6,2190,2194,-1.0,0.003190614299000848,0.002636167066427962,1.1048576169987427,301553.3672180176,528.2600481275978,10.634254563614387,0.0,
ID2183 ? ID2198,6,2183,2198,-1.0,5.356631938024796E-6,6.671917024698323E-4,165.8206884567087,218149.44772338867,489.5900315326363,194.04061898543134,0.0,
ID2212 ? ID2216,7,2212,2216,-1.0,0.0035574143718096673,0.010544668265713748,4.419430467995767,224855.29049682617,1128.7501629664985,894.5203481627323,0.0,
ID2201 ? ID2204,7,2201,2204,-1.0,NaN,9.069413877220069E-4,63.47885378633929,34996.11697387695,1099.4714361160277,879.0523415247476,0.0,
ID2204 ? ID2206,7,2204,2206,-1.0,0.0041508027986461105,0.028392388223713615,11.89968071191387,70201.79153442383,1070.192709265557,890.1009176947366,0.0,
ID2204 ? ID2208,7,2204,2208,-1.0,0.002908072719392926,0.01344186731280906,5.633690548819149,70201.79153442383,1072.9548533080542,898.3873498222283,0.0,
ID2212 ? ID2214,7,2212,2214,-1.0,0.00681017769587984,0.036717558464739224,15.388885880565025,224855.29049682617,1121.5685884560057,899.4922074392273,0.0,
ID2225 ? ID2227,7,2225,2227,-1.0,1.1526378907963542E-5,0.018640516090121094,7.812523132255248,212700.9504699707,1063.0111347550642,920.4845021622064,0.0,
ID2229 ? ID2233,7,2229,2233,-1.0,1.9653081831901574E-6,4.0269111176366066E-4,52.15115212875548,277663.8023376465,1081.2412854355457,890.1009176947366,0.0,
ID2227 ? ID2236,7,2227,2236,-1.0,1.5884960768980093E-5,0.003081719322820653,399.1029564041357,277663.8023376465,1250.284500836377,856.9551891847698,0.0,
ID2214 ? ID2223,7,2214,2223,-1.0,1.95204941140208E-5,0.0010528263522254755,123.55153975072596,283740.9723510742,1169.077465986958,930.9806495236958,0.0,
ID2206 ? ID2225,7,2206,2225,-1.0,1.8468604264782908E-5,2.276478970969666E-4,32.34422318191142,141451.37100219727,1065.7732787975613,900.5970650562261,0.0,
ID2208 ? ID2212,7,2208,2212,-1.0,9.422222963232015E-6,3.593192047397404E-4,55.41937612660984,147528.541015625,1101.128722541526,898.9397786307279,0.0,
ID2216 ? ID2220,7,2216,2220,-1.0,2.127182261736671E-5,0.0010488195874259994,123.08133689215593,283740.9723510742,1165.7628931359613,941.4767968851853,0.0,
ID2225 ? ID2229,7,2225,2229,-1.0,0.006914930871370835,0.014196194111856833,5.949840355956946,212700.9504699707,1064.6684211805623,913.855356460213,0.0,
ID2258 ? ID2267,8,2258,2267,-1.0,3.286565372109633E-7,0.001826882574511851,261.86057875572146,270748.40197753906,443.7384404271821,774.6432967183518,0.0,
ID2244 ? ID2248,8,2244,2248,-1.0,0.002715563588039115,0.018640516090121094,7.812523132255248,78164.97982788086,238.78735247388667,785.6918728883409,0.0,
ID2256 ? ID2260,8,2256,2260,-1.0,0.0037798142944443875,0.04032560193842628,16.90107164645707,198870.14974975586,572.4543528075537,717.1907006344093,0.0,
ID2248 ? ID2253,8,2248,2253,-1.0,2.379749579602512E-5,0.00231736062115549,290.40105852952684,141032.25582885742,123.88216030600137,868.0037653547588,0.0,
ID2246 ? ID2256,8,2246,2256,-1.0,2.608308832229103E-5,0.0029617272102270423,356.2544813595963,138517.56478881836,398.9917069387268,758.0704324633684,0.0,
ID2244 ? ID2246,8,2244,2246,-1.0,0.006225027341500785,0.029473243802899715,12.35268368533979,78164.97982788086,229.9484915378955,789.5588745478369,0.0,
ID2256 ? ID2258,8,2256,2258,-1.0,0.006968765190404403,0.02007645024706915,8.414344925349136,198870.14974975586,570.2446375735559,727.1344191873993,0.0,
ID2241 ? ID2244,8,2241,2244,-1.0,NaN,0.0027487103191933576,214.2768735514919,38977.71112060547,135.48316528448976,751.4412867613751,0.0,
ID2260 ? ID2264,8,2260,2264,-1.0,1.164232576417353E-5,0.004479220049184914,568.8246534644559,262575.6560974121,287.95351643033763,738.7354241658877,0.0,
ID2272 ? ID2274,9,2272,2274,-1.0,0.006453990849868042,0.008336292222637787,3.4938665599024272,39606.383880615234,1351.3789727917763,790.1113033563364,0.0,
ID2274 ? ID2282,9,2274,2282,-1.0,7.3169282594950555E-6,0.0016509707937233742,301.68885293021066,131183.0492553711,1478.990027555149,708.9042685069174,0.0,
ID2272 ? ID2276,9,2272,2276,-1.0,0.002473490436898795,0.019191585930100577,8.04348486376061,39606.383880615234,1350.8265439832767,795.6355914413309,0.0,
ID2276 ? ID2280,9,2276,2280,-1.0,2.7605373745985973E-5,0.0035107868533747985,320.77044085329027,85499.49536132812,1475.1230258956527,699.5129787624269,0.0,
ID2270 ? ID2272,9,2270,2272,-1.0,NaN,0.0022019711113303313,86.75067337736678,19698.413146972656,1322.1002459413053,760.2801476973661,0.0,
ID2300 ? ID2303,10,2300,2303,-1.0,5.139942117597254E-8,0.001513651417011212,139.56674072368594,296314.42755126953,761.3850053143651,272.48550979235307,0.0,
ID2291 ? ID2296,10,2291,2296,-1.0,7.879582727740704E-6,0.002055010109079335,366.04651518481455,160730.66897583008,606.15251012602,464.7307351501612,0.0,
ID2296 ? ID2298,10,2296,2298,-1.0,0.00147487913885179,0.007908501199284972,3.314572850996683,250002.2008972168,756.9655748463695,358.664403918267,0.0,
ID2285 ? ID2287,10,2285,2287,-1.0,NaN,0.0030179483001455194,215.02754724084994,35624.78973388672,510.5823262556154,643.7176691039825,0.0,
ID2296 ? ID2300,10,2296,2300,-1.0,0.002114177661531215,0.03963028081252286,16.609652012247203,250002.2008972168,755.8607172293706,350.3779717907753,0.0,
ID2306 ? ID2308,10,2306,2308,-1.0,0.007190813806124695,0.018640516090121056,7.812523132255232,252097.77676391602,518.3163295746076,566.9300647225591,0.0,
ID2289 ? ID2306,10,2289,2306,-1.0,9.42522631744954E-6,4.3531726826193074E-4,78.45267110853334,161778.4569091797,482.96088583064295,566.9300647225591,0.0,
ID2287 ? ID2289,10,2287,2289,-1.0,0.005587502297141937,0.018640516090121344,7.812523132255353,71459.13705444336,444.2908692356816,562.5106342545636,0.0,
ID2306 ? ID2310,10,2306,2310,-1.0,0.0021715724418695844,0.016879705236969633,7.074540586317997,252097.77676391602,524.3930464681016,564.7203494885614,0.0,
ID2287 ? ID2291,10,2287,2291,-1.0,0.007191538954211423,0.04100913539826687,17.18755089096174,71459.13705444336,450.920014937675,564.7203494885614,0.0,
ID2319 ? ID2327,11,2319,2327,-1.0,1.163510970746071E-5,6.294858658039555E-4,121.09662869248555,246230.1643371582,950.868086629676,765.8044357823608,0.0,
ID2317 ? ID2319,11,2317,2319,-1.0,0.0020304617665045533,0.02125345835712129,8.90764688341604,149833.67446899414,989.5381032246373,722.7149887194037,0.0,
ID2317 ? ID2321,11,2317,2321,-1.0,0.005762020720137187,0.03427017186356839,14.363149020985702,149833.67446899414,977.9370982461489,722.1625599109043,0.0,
ID2314 ? ID2317,11,2314,2317,-1.0,NaN,8.002602114931306E-4,119.73822742072167,74812.05844116211,940.3719392681865,761.9374341228645,0.0,
ID2321 ? ID2324,11,2321,2324,-1.0,1.1737148089557831E-5,5.794742386639113E-4,111.47569870647202,246230.1643371582,1006.1109674796207,679.0731128479472,0.0,
ID2337 ? ID2340,12,2337,2340,-1.0,3.909022812986835E-6,3.4352310198992707E-4,40.7451356756,177914.39108276367,523.2881888511027,591.7893611050343,0.0,
ID2340 ? ID2344,12,2340,2344,-1.0,0.0016907674004755545,0.010544668265713205,4.419430467995539,237428.74569702148,540.965910723085,578.5310697010476,0.0,
ID2330 ? ID2333,12,2330,2333,-1.0,NaN,7.780862868402407E-4,91.9623908530376,59095.23944091797,476.88416893714907,568.5873511480576,0.0,
ID2333 ? ID2335,12,2333,2335,-1.0,0.0067968912539331785,0.03334516889055192,13.975466239610032,118400.03646850586,501.19103651112476,599.5233644240266,0.0,
ID2333 ? ID2337,12,2333,2337,-1.0,0.0028658280930947736,0.010869195261658715,4.555444656154701,118400.03646850586,505.61046697912036,605.6000813175206,0.0,
ID2340 ? ID2342,12,2340,2342,-1.0,0.006572696745639118,0.016672584445276088,6.98773311980507,237428.74569702148,535.4416226380906,579.6359273180465,0.0,
ID2335 ? ID2348,12,2335,2348,-1.0,6.275544148121966E-6,9.054399792378267E-4,202.64426047434407,230513.34533691406,588.4747882540377,545.3853411910807,0.0,
ID2355 ? ID2364,13,2355,2364,-1.0,8.28733681154665E-6,4.0707955940182166E-4,78.14085480662519,246439.72192382812,824.3618894833023,821.0473166323055,0.0,
ID2353 ? ID2357,13,2353,2357,-1.0,0.007473526777741734,0.03963028081252286,16.609652012247203,150252.78964233398,859.717333227267,808.8938828453176,0.0,
ID2353 ? ID2355,13,2353,2355,-1.0,0.001737360583955263,0.02609672252616949,10.937532385157331,150252.78964233398,855.2979027592714,796.7404490583299,0.0,
ID2357 ? ID2361,13,2357,2361,-1.0,1.5467925527292473E-5,0.001198165555639164,229.9935689600246,246439.72192382812,872.4231958227542,702.8275516134236,0.0,
ID2351 ? ID2353,13,2351,2353,-1.0,NaN,0.0025741110764677944,386.2279455835125,75021.61602783203,870.2134805887565,993.4051048841335,0.0,
ID2370 ? ID2372,14,2370,2372,-1.0,0.007301126997308867,0.018640516090121323,7.812523132255345,34996.11697387695,816.62788616431,523.8406176596022,0.0,
ID2379 ? ID2387,14,2379,2387,-1.0,7.219442337109099E-6,0.0021641198232619278,452.6007119724528,237847.86087036133,1208.8523401989185,309.4982399618161,0.0,
ID2377 ? ID2381,14,2377,2381,-1.0,0.0017079490599585018,0.03517085541720002,14.740639164690368,133069.0675354004,987.880816799139,301.76423664282385,0.0,
ID2374 ? ID2377,14,2374,2377,-1.0,4.118698589816004E-6,0.0026568445310909635,259.45105849115276,84032.59225463867,904.4640667157223,408.38299668321747,0.0,
ID2392 ? ID2401,14,2392,2401,-1.0,8.30154045762429E-6,8.686490200434783E-4,179.84760839586184,238895.64880371094,727.6868479958987,531.5746209785945,0.0,
ID2377 ? ID2379,14,2377,2379,-1.0,0.005717554383694366,0.04512391165470425,18.91211605493317,133069.0675354004,981.8040999056452,312.8128128128128,0.0,
ID2394 ? ID2398,14,2394,2398,-1.0,6.216113881479245E-6,0.0011335863001115292,234.70099002145636,238895.64880371094,711.1139837409153,321.651673748804,0.0,
ID2370 ? ID2374,14,2370,2374,-1.0,0.0019252469886825128,0.03074272670223818,12.884743230747997,34996.11697387695,822.7046030578039,516.6590431491094,0.0,
ID2390 ? ID2392,14,2390,2392,-1.0,0.0017423359828520168,0.015817002398569945,6.629145701993366,135164.6434020996,717.7431294429086,442.6335828101832,0.0,
ID2367 ? ID2370,14,2367,2370,-1.0,NaN,0.0014331238532237576,49.85344802939122,17393.279693603516,811.656026887815,544.2804835740817,0.0,
ID2390 ? ID2394,14,2390,2394,-1.0,0.00464718464282467,0.02947324380289982,12.352683685339834,135164.6434020996,726.5819903788998,439.87143876768596,0.0,
ID2372 ? ID2390,14,2372,2390,-1.0,2.1645628705947048E-5,0.0012785849316515037,127.53809417160208,85080.38018798828,768.5665798248579,485.1706010646408,0.0,
ID2381 ? ID2384,14,2381,2384,-1.0,1.2463201884497244E-5,0.0025844189995028787,293.53885779600677,190068.73110961914,984.5662439481423,153.7133159649716,0.0,
ID2411 ? ID2415,15,2411,2415,-1.0,2.020409157965693E-6,0.001987672128532476,228.25941234179018,122381.63061523438,997.824535352129,355.9022598757698,0.0,
ID2415 ? ID2417,15,2415,2417,-1.0,0.0038295667281957662,0.03728103218024219,15.625046264510496,180009.9669494629,1075.7169973505513,439.31900995918653,0.0,
ID2407 ? ID2409,15,2407,2409,-1.0,0.0036615244228428764,0.013180835332141845,5.524288084994566,64753.29428100586,904.4640667157223,271.93308098385364,0.0,
ID2404 ? ID2407,15,2404,2407,-1.0,NaN,0.0024597513354483436,158.76154252871908,32271.86834716797,861.3746196527653,338.7769668122869,0.0,
ID2417 ? ID2426,15,2417,2426,-1.0,3.415831299162611E-6,0.0014556390443380327,236.1011188201479,261318.31057739258,1043.123697649084,559.7484902120664,0.0,
ID2431 ? ID2440,15,2431,2440,-1.0,1.708975437903471E-5,0.002401641984065191,370.4157714942362,243086.80053710938,1233.7116365813936,388.49555957723726,0.0,
ID2440 ? ID2442,15,2440,2442,-1.0,0.00456059023580929,0.002636167066428369,1.1048576169989133,320413.55001831055,1408.2791400672195,449.815157320676,0.0,
ID2407 ? ID2411,15,2407,2411,-1.0,0.003537541254019347,0.021253458357121086,8.907646883415955,64753.29428100586,910.5407836092163,275.80008264334975,0.0,
ID2433 ? ID2437,15,2433,2437,-1.0,3.4006051198089746E-5,0.006545690635865702,326.46439359210166,190906.96145629883,1030.4178350535967,166.97160736895833,0.0,
ID2429 ? ID2431,15,2429,2431,-1.0,0.006324382960845923,0.016035178255276394,6.720586513995459,165760.0510559082,1062.4587059465646,326.07110421679954,0.0,
ID2419 ? ID2423,15,2419,2423,-1.0,7.833811194894878E-6,0.001527089763892895,247.6902520554956,261318.31057739258,956.9448035231699,415.56457119371026,0.0,
ID2444 ? ID2447,15,2444,2447,-1.0,3.076635294070828E-5,0.0018764192083469786,40.89465961175693,331520.1021118164,1437.5578669176903,437.6617235336882,0.0,
ID2415 ? ID2419,15,2415,2419,-1.0,0.006011132533467057,0.013441867312808555,5.6336905488189375,180009.9669494629,1080.6888566270463,431.03257783169477,0.0,
ID2442 ? ID2450,15,2442,2450,-1.0,5.662669218718872E-5,0.007519531742537146,163.8805921848115,331520.1021118164,1330.9391068772966,422.1937168957036,0.0,
ID2429 ? ID2433,15,2429,2433,-1.0,0.0011159132372847767,0.018640516090121344,7.812523132255353,165760.0510559082,1069.6402804570575,324.9662465998007,0.0,
ID2440 ? ID2444,15,2440,2444,-1.0,8.127031949332953E-4,0.03163400479713989,13.258291403986732,320413.55001831055,1414.9082857692129,450.3675861291755,0.0,
ID2409 ? ID2429,15,2409,2429,-1.0,2.807393249416153E-5,0.0017159008783399067,172.59842257426084,115256.67266845703,984.0138151396429,297.8972349833277,0.0,
ID2528 ? ID2530,16,2528,2530,-1.0,3.8357652228324264E-4,0.01318083533214171,5.5242880849945095,242039.01260375977,749.7840003358767,225.5290610698999,0.0,
ID2460 ? ID2463,16,2460,2463,-1.0,3.293418370834648E-5,0.002471910211120646,222.74324147208725,46731.34182739258,640.403096252986,635.9836657849903,0.0,
ID2494 ? ID2498,16,2494,2498,-1.0,0.005197626809452895,0.01318083533214171,5.5242880849945095,300715.1368713379,327.17596183379845,919.9320733537069,0.0,
ID2463 ? ID2467,16,2463,2467,-1.0,0.0026274314966081708,0.023578595042319538,9.882146948271734,91995.7805480957,576.3213544670498,542.070768340084,0.0,
ID2465 ? ID2485,16,2465,2485,-1.0,2.1324558050867883E-6,0.0019084088774287899,235.95371965272486,154024.82620239258,506.7153245961192,651.4516724229749,0.0,
ID2475 ? ID2479,16,2475,2479,-1.0,5.073037016023493E-5,8.386619584144257E-4,47.8034494821177,313917.26483154297,763.0422917398635,809.4463116538172,0.0,
ID2539 ? ID2543,16,2539,2543,-1.0,6.98837507496784E-4,0.014196194111856934,5.949840355956988,338016.387298584,765.2520069738612,394.5722764707312,0.0,
ID2498 ? ID2502,16,2498,2502,-1.0,1.105784926431705E-5,0.0024650637002808255,102.28141440365853,321670.8955383301,375.7896969817499,897.2824922052295,0.0,
ID2509 ? ID2517,16,2509,2517,-1.0,8.391088794973167E-5,2.4224583947588777E-4,7.411610211203865,327119.39279174805,387.39070196023835,760.2801476973661,0.0,
ID2456 ? ID2460,16,2456,2460,-1.0,0.0015353801287253193,0.011789297521160196,4.941073474136045,1466.9031066894531,705.5896956559208,723.2674175279031,0.0,
ID2467 ? ID2471,16,2467,2471,-1.0,1.0854452751016783E-5,0.0017531559140036295,337.99615260312555,188601.8280029297,671.8915383374544,678.5206840394478,0.0,
ID2511 ? ID2514,16,2511,2514,-1.0,8.687407406663402E-5,0.0012613336595041933,38.591017500001,327119.39279174805,380.761556258245,759.7277188888668,0.0,
ID2489 ? ID2494,16,2489,2494,-1.0,3.3932821105184272E-6,0.0024121382471178456,203.203711651653,258384.50436401367,382.4188426837433,836.5153232702901,0.0,
ID2471 ? ID2473,16,2471,2473,-1.0,0.0027292785931405847,0.02486955036563394,10.423205912376643,285207.8754577637,762.4898629313641,823.8094606748027,0.0,
ID2485 ? ID2489,16,2485,2489,-1.0,6.290744625006272E-4,0.008336292222637915,3.493866559902481,216053.87185668945,440.97629638468493,751.4412867613751,0.0,
ID2543 ? ID2547,16,2543,2547,-1.0,6.804206445099995E-4,0.002911741695032039,12.203551252342034,340321.5207519531,765.8044357823608,391.2577036197345,0.0,
ID2522 ? ID2553,16,2522,2553,-1.0,1.6180180226321783E-6,0.0018919047572002069,347.3015837323206,250630.87365722656,679.6255416564467,322.75653136580286,0.0,
ID2463 ? ID2465,16,2463,2465,-1.0,0.005206905976856411,0.016672584445276174,6.987733119805106,91995.7805480957,573.0067816160531,549.8047716590763,0.0,
ID2530 ? ID2539,16,2530,2539,-1.0,9.1685401618027E-7,0.001717784836470052,164.14852920547582,290027.6999511719,756.9655748463695,310.05066877031555,0.0,
ID2485 ? ID2487,16,2485,2487,-1.0,0.004920475823972974,0.038922540293028995,16.3130272217399,216053.87185668945,437.6617235336882,742.6024258253839,0.0,
ID2541 ? ID2550,16,2541,2550,-1.0,2.9670840488976647E-5,0.004250691671424262,17.815293766832095,340321.5207519531,763.0422917398635,376.3421257902494,0.0,
ID2520 ? ID2522,16,2520,2522,-1.0,0.0062054336777624276,0.032178519908722884,13.486505949364004,158635.09310913086,737.0781377403894,152.05602953947323,0.0,
ID2458 ? ID2520,16,2458,2520,-1.0,3.4039903067131913E-6,0.0036318428428974937,569.2880055488762,80050.99810791016,721.0577022939053,430.48014902319534,0.0,
ID2487 ? ID2507,16,2487,2507,-1.0,1.664880920592957E-5,4.7825552609333515E-4,45.50082153229162,263833.00161743164,413.90728476821187,746.46942748488,0.0,
ID2507 ? ID2511,16,2507,2511,-1.0,0.006567731135753409,0.016879705236969463,7.074540586317926,311612.1313781738,396.22956289622954,754.7558596123718,0.0,
ID2532 ? ID2536,16,2532,2536,-1.0,2.1489566109531767E-5,0.001967083199203909,197.03982542596952,292332.833404541,667.4721078694588,271.38065217535416,0.0,
ID2507 ? ID2509,16,2507,2509,-1.0,9.459005744394451E-4,0.023871508074982478,10.004911244729762,311612.1313781738,389.04798838573674,758.0704324633684,0.0,
ID2494 ? ID2496,16,2494,2496,-1.0,1.6017794651482903E-4,0.01687970523696925,7.074540586317837,300715.1368713379,322.20410255730343,922.6942173962041,0.0,
ID2520 ? ID2524,16,2520,2524,-1.0,0.0017767566337271315,0.01687970523696941,7.074540586317903,158635.09310913086,738.7354241658877,143.76959741198152,0.0,
ID2496 ? ID2504,16,2496,2504,-1.0,6.214218950625731E-6,0.006115681377563438,253.75431120422675,321670.8955383301,268.61850813285696,1041.4664112235855,0.0,
ID2539 ? ID2541,16,2539,2541,-1.0,0.007286731366062889,0.015817002398569945,6.629145701993366,338016.387298584,764.1471493568623,388.49555957723726,0.0,
ID2454 ? ID2456,16,2454,2456,-1.0,NaN,0.0019648829201932448,2.4705367370678704,628.6727600097656,703.3799804219229,720.505273485406,0.0,
ID2524 ? ID2528,16,2524,2528,-1.0,3.1663802469411726E-5,9.981042333875262E-4,82.82748449991409,200337.0528564453,743.1548546338834,181.88718519844346,0.0,
ID2471 ? ID2475,16,2471,2475,-1.0,6.029332407161548E-4,0.03546600063700397,14.864339004648928,285207.8754577637,770.7762950588558,824.3618894833023,0.0,
ID2473 ? ID2482,16,2473,2482,-1.0,3.655541955704707E-5,0.0012143778921844279,69.21913130648127,313917.26483154297,743.1548546338834,797.8453066753286,0.0,
ID2528 ? ID2532,16,2528,2532,-1.0,0.007112197559468747,0.013180835332141573,5.524288084994453,242039.01260375977,749.7840003358767,220.00477298490543,0.0,
ID2456 ? ID2458,16,2456,2458,-1.0,0.005960393953026622,0.017683946281739808,7.411610211203865,1466.9031066894531,702.8275516134235,717.7431294429086,0.0,
ID2602 ? ID2621,20,2602,2621,-1.0,1.2187112438260514E-6,8.970547088568844E-4,168.05825018965066,112951.53921508789,1104.995724201022,614.9913710620112,0.0,
ID2629 ? ID2633,20,2629,2633,-1.0,0.003564710920913577,0.018640516090121094,7.812523132255248,81517.90121459961,1038.7042671810882,726.0295615704003,0.0,
ID2595 ? ID2600,20,2595,2600,-1.0,NaN,0.006125338451826847,115.52500291511785,9430.091400146484,1066.8781364145602,762.489862931364,0.0,
ID2623 ? ID2648,20,2623,2648,-1.0,7.440849186846008E-7,5.330033339013745E-4,72.1549004512489,274729.9961242676,1085.6607159035416,543.7280547655823,0.0,
ID2664 ? ID2670,20,2664,2670,-1.0,2.9402545625265364E-5,0.0010345798575116685,109.26924531135829,289608.58477783203,1478.9900275551488,658.6332469334676,0.0,
ID2659 ? ID2664,20,2659,2664,-1.0,6.571608980444727E-4,0.005894648760579855,2.470536737067921,236590.5153503418,1527.6037627031005,636.5360945934897,0.0,
ID2600 ? ID2602,20,2600,2602,-1.0,1.7499127412059674E-4,0.026493151134099932,11.103681629886971,19069.74038696289,1077.3742837760497,700.0654075709263,0.0,
ID2600 ? ID2604,20,2600,2604,-1.0,0.006744412104632732,0.018640516090121285,7.812523132255329,19069.74038696289,1077.3742837760497,709.4566973154169,0.0,
ID2659 ? ID2666,20,2659,2666,-1.0,0.0016411635489409742,0.04117824595241499,17.25842769017713,236590.5153503418,1532.023193171096,630.4593776999958,0.0,
ID2604 ? ID2629,20,2604,2629,-1.0,2.4085884600766916E-5,6.568718774537111E-4,40.74513567559995,50293.82080078125,1058.039275478569,717.7431294429086,0.0,
ID2621 ? ID2625,20,2621,2625,-1.0,0.001091372283161631,0.011184309654072886,4.687513879353245,206833.3380432129,1133.7220222429935,533.7843362125923,0.0,
ID2621 ? ID2623,20,2621,2623,-1.0,0.004768265589438425,0.026493151134099956,11.103681629886982,206833.3380432129,1126.5404477325005,535.99405144659,0.0,
ID2666 ? ID2675,20,2666,2675,-1.0,2.662062349542942E-5,0.0015913417262881284,168.07277679095614,289608.58477783203,1465.731736151162,667.4721078694588,0.0,
ID2631 ? ID2645,20,2631,2645,-1.0,1.030075733831026E-5,0.0013578819714987786,353.98575934877033,212072.27770996094,1123.7783036900034,872.9756246312538,0.0,
ID2625 ? ID2640,20,2625,2640,-1.0,2.2855237761066956E-5,0.00169861353481476,229.9484500642576,274729.9961242676,1050.3052721595768,609.4670829770166,0.0,
ID2629 ? ID2631,20,2629,2631,-1.0,0.0019247013726401661,0.009504835528696857,3.9836207901764884,81517.90121459961,1036.4945519470905,721.0577022939053,0.0,
ID2633 ? ID2659,20,2633,2659,-1.0,1.0456412485621356E-5,0.003207184606061257,496.00232114572736,159054.2082824707,1282.8778005378447,683.4925433159428,0.0,
ID2759 ? ID2761,25,2759,2761,-1.0,0.0011581807783370038,0.018640516090121476,7.812523132255409,321251.78036499023,855.2979027592713,240.99706770788447,0.0,
ID2741 ? ID2743,25,2741,2743,-1.0,0.0023043051717535723,0.009504835528696857,3.9836207901764884,315803.28311157227,630.4593776999957,100.68015034902452,0.0,
ID2736 ? ID2749,25,2736,2749,-1.0,2.098483520712114E-5,0.0038601718079957705,516.0962478810824,275568.22647094727,643.7176691039825,563.6154918715624,0.0,
ID2696 ? ID2700,25,2696,2700,-1.0,0.007365111985535723,0.009504835528696706,3.9836207901764253,165340.93588256836,1205.5377673479218,535.4416226380906,0.0,
ID2706 ? ID2708,25,2706,2708,-1.0,0.007192363506302083,0.016672584445275918,6.987733119804998,303648.9430847168,1165.210464327462,395.1247052792306,0.0,
ID2691 ? ID2732,25,2691,2732,-1.0,1.6274383311872806E-5,0.0029163169287852756,319.01316820677977,153605.71102905273,710.5615549324158,369.712980088256,0.0,
ID2743 ? ID2753,25,2743,2753,-1.0,5.403233565093225E-5,0.004444525766873152,117.35439579337593,329214.96865844727,672.9963959544533,59.80041852006532,0.0,
ID2724 ? ID2726,25,2724,2726,-1.0,0.007077555398970332,0.013441867312808475,5.633690548818904,213120.06564331055,1121.5685884560057,323.86138898280177,0.0,
ID2679 ? ID2683,25,2679,2683,-1.0,0.001912300006843079,0.02058912297620732,8.629213845088492,12363.89761352539,886.2339160352406,352.03525821627363,0.0,
ID2689 ? ID2724,25,2689,2724,-1.0,2.3937613616061115E-5,0.002528684585824412,288.26834135460837,155910.84448242188,990.0905320331367,375.78969698174996,0.0,
ID2687 ? ID2691,25,2687,2691,-1.0,0.007207968542241518,0.021253458357121207,8.907646883416005,98701.6233215332,860.2697620357665,422.1937168957036,0.0,
ID2681 ? ID2687,25,2681,2687,-1.0,6.289900370915622E-6,7.953069703652667E-4,68.33166984232007,55532.7604675293,871.3183382057554,394.5722764707312,0.0,
ID2708 ? ID2719,25,2708,2719,-1.0,4.3791244471357676E-5,0.001697129158227855,65.4389174824309,323137.79864501953,1134.274451051493,405.0684238322207,0.0,
ID2732 ? ID2734,25,2732,2734,-1.0,0.0011349988001252104,0.03355292896221808,14.062541638059495,208509.79873657227,553.6717733185724,316.1273856638095,0.0,
ID2724 ? ID2728,25,2724,2728,-1.0,2.2518320160227668E-4,0.019191585930100653,8.043484863760641,213120.06564331055,1128.197734157999,322.20410255730343,0.0,
ID2741 ? ID2745,25,2741,2745,-1.0,0.003084351041373631,0.026493151134099967,11.103681629886985,315803.28311157227,637.0885234019892,102.8898655830223,0.0,
ID2728 ? ID2776,25,2728,2776,-1.0,1.9949554204846987E-5,2.4102317729724125E-4,31.113072985410774,277873.3599243164,1117.14915798801,316.6798144723089,0.0,
ID2687 ? ID2689,25,2687,2689,-1.0,9.23077336112936E-4,0.007456206436048782,3.125009252902244,98701.6233215332,856.9551891847697,427.16557617219866,0.0,
ID2726 ? ID2759,25,2726,2759,-1.0,4.617682496396425E-6,0.0025339246760304264,272.9356139149221,267185.9230041504,988.4332456076386,284.08651477084146,0.0,
ID2683 ? ID2696,25,2683,2696,-1.0,9.237790856375574E-6,0.002422020930370914,369.4984828317092,88852.41674804688,1048.0955569255789,442.6335828101832,0.0,
ID2677 ? ID2679,25,2677,2679,-1.0,NaN,0.0025598323657776067,31.113072985410895,6077.170013427734,885.1290584182417,370.8178377052549,0.0,
ID2700 ? ID2782,25,2700,2782,-1.0,2.644142094899018E-5,0.005544800773010556,443.86683618900673,205575.99252319336,1404.9645672162228,440.42386757618544,0.0,
ID2734 ? ID2741,25,2734,2741,-1.0,1.088347776951559E-5,0.002102081256646048,224.6586083146795,262156.54092407227,590.132074679536,206.74648158091867,0.0,
ID2698 ? ID2706,25,2698,2706,-1.0,1.3343042577624563E-5,0.0011188505125905503,154.27705752697554,234494.93948364258,1179.021184539948,467.4928791926584,0.0,
ID2763 ? ID2772,25,2763,2772,-1.0,8.582533453001302E-6,0.0025008876667913767,52.407998398537266,331939.21728515625,882.9193431842439,261.98936243086354,0.0,
ID2745 ? ID2756,25,2745,2756,-1.0,7.094178490125378E-5,0.005774612799550458,152.47435420060646,329214.96865844727,612.7816558280134,173.60075307095173,0.0,
ID2706 ? ID2710,25,2706,2710,-1.0,6.419739671624863E-4,0.017683946281739808,7.411610211203865,303648.9430847168,1162.4483202849647,388.49555957723726,0.0,
ID2761 ? ID2768,25,2761,2768,-1.0,1.6524598940186807E-5,0.0038444680493862427,80.5637446459003,331939.21728515625,835.4104656532911,201.77462230442362,0.0,
ID2710 ? ID2715,25,2710,2715,-1.0,6.478689079376758E-5,0.0014095899210082553,54.35180821549538,323137.79864501953,1185.097901433442,397.33442051322845,0.0,
ID2696 ? ID2698,25,2696,2698,-1.0,0.005117220860927905,0.035367892563479615,14.82322042240773,165340.93588256836,1200.5659080714267,539.8610531060862,0.0,
ID2759 ? ID2763,25,2759,2763,-1.0,0.006337593303414951,0.011184309654072742,4.687513879353185,321251.78036499023,859.717333227267,245.41649817588006,0.0,
ID2732 ? ID2736,25,2732,2736,-1.0,0.0030089423205632076,0.0026361670664282336,1.1048576169988564,208509.79873657227,558.6436325950674,320.5468161318051,0.0,
ID2679 ? ID2681,25,2679,2681,-1.0,0.007411879762978431,0.018640516090121285,7.812523132255329,12363.89761352539,884.0242008012427,359.2168327267665,0.0,
ID3076 ? ID3095,27,3076,3095,-1.0,8.112045746201492E-6,0.00273973645008761,102.19559542937216,243715.47329711914,918.6616979448484,664.3260047199855,0.0,
ID3095 ? ID3097,27,3095,3097,-1.0,0.00523842188161467,0.007456206436048207,3.125009252902003,262575.6560974121,927.9422910769488,614.9913710620112,0.0,
ID3095 ? ID3099,27,3095,3099,-1.0,8.265177000863618E-4,0.02714100110579688,11.37520538307295,262575.6560974121,929.5995775024471,608.9146541685172,0.0,
ID3078 ? ID3082,27,3078,3082,-1.0,5.100674753905693E-6,0.0017270032080608012,191.81051095979026,280597.6085510254,920.3335330679752,821.2423535208026,0.0,
ID3082 ? ID3086,27,3082,3086,-1.0,0.0056404310129504675,0.018806053277371868,7.881902279184048,336339.9266052246,932.6429963657606,913.5633282541933,0.0,
ID3086 ? ID3090,27,3086,3090,-1.0,1.0191011393780662E-4,0.0027352823227289468,16.04957654753534,339483.29040527344,935.7203621902071,902.4848112861864,0.0,
ID3103 ? ID3105,27,3103,3105,-1.0,0.00411004491922313,0.04611409005335726,19.327114846121994,250840.43124389648,694.2649050816822,447.60544208667824,0.0,
ID3070 ? ID3074,27,3070,3074,-1.0,1.124431675766038E-5,6.012569469418377E-4,108.10624519236549,134745.52822875977,858.1707434141588,715.9964423247371,0.0,
ID3107 ? ID3111,27,3107,3111,-1.0,1.4631046302232094E-5,0.00317483073321131,290.07510181024566,296733.5427246094,574.9402824458011,513.8968991066122,0.0,
ID3066 ? ID3068,27,3066,3068,-1.0,1.228798531459554E-4,0.0391846286117586,16.422872412874607,44635.76596069336,805.2400512336815,696.9167742131697,0.0,
ID3074 ? ID3076,27,3074,3076,-1.0,0.004413487445393306,0.020767811628650257,8.704104970630976,224855.29049682617,911.1014355946361,719.0738081491834,0.0,
ID3082 ? ID3084,27,3082,3084,-1.0,0.0021193688741477806,0.012460686977190279,5.222462982378637,336339.9266052246,928.3346842115357,918.4871135733074,0.0,
ID3063 ? ID3066,27,3063,3066,-1.0,NaN,2.0171481827006867E-4,8.96142454859434,22213.10418701172,808.3174170581278,709.2262375109551,0.0,
ID3103 ? ID3107,27,3103,3107,-1.0,0.007153016328461543,0.010869195261658584,4.555444656154646,250840.43124389648,703.1037660176733,444.843298044181,0.0,
ID3066 ? ID3070,27,3066,3070,-1.0,0.005428795080134668,0.010589547674910587,4.43824010936069,44635.76596069336,805.8555243985708,706.7643448513982,0.0,
ID3105 ? ID3113,27,3105,3113,-1.0,2.4975805603760317E-5,0.0015028318575455433,137.30940031573306,296733.5427246094,751.1650723571253,474.12202489465176,0.0,
ID3084 ? ID3093,27,3084,3093,-1.0,4.331476340526442E-4,0.0034150780604581747,20.038354465892354,339483.29040527344,936.3358353550963,918.4871135733074,0.0,
ID3074 ? ID3078,27,3074,3078,-1.0,0.00452710348414652,0.006567358676386725,2.752479670038749,224855.29049682617,911.1014355946361,724.6130666331869,0.0,
ID3068 ? ID3103,27,3068,3103,-1.0,7.864244606603934E-7,0.0012932288527136512,266.12781087362606,147738.09860229492,752.9724844740938,565.7746029398962,0.0,
ID3121 ? ID3147,28,3121,3147,-1.0,5.324187894326311E-7,2.4242055219871538E-4,66.44779416836202,205366.43493652344,841.7633969510348,604.4952237005217,0.0,
ID3134 ? ID3138,28,3134,3138,-1.0,0.004238587086094161,0.003728103218023911,1.5625046264509208,261737.42575073242,1032.3513358833447,846.4590418232801,0.0,
ID3126 ? ID3128,28,3126,3128,-1.0,0.005659349802391418,0.008336292222637959,3.493866559902499,169112.97244262695,627.9734480617483,1111.6248699030157,0.0,
ID3130 ? ID3132,28,3130,3132,-1.0,7.683040819488674E-6,0.0013431718719665413,232.4957530330617,255869.8133239746,577.1499976797988,1001.6915370116253,0.0,
ID3128 ? ID3134,28,3128,3134,-1.0,2.7979700493498918E-6,0.005227838065825255,482.0345765732168,215425.1990966797,831.2672495895454,979.0419558631479,0.0,
ID3134 ? ID3136,28,3134,3136,-1.0,0.007476055696006604,0.028514506586090567,11.950862370529464,261737.42575073242,1027.931905415349,850.3260434827764,0.0,
ID3116 ? ID3119,28,3116,3119,-1.0,NaN,0.005696259491340069,386.75698302447915,33948.329040527344,774.3670823141022,481.3035994051446,0.0,
ID3136 ? ID3144,28,3136,3144,-1.0,3.080990137190235E-7,0.007066061762569762,568.6067904862978,302182.03997802734,790.3875177605862,1017.1595436496099,0.0,
ID3119 ? ID3123,28,3119,3123,-1.0,0.006774450747069898,0.02058912297620767,8.629213845088637,68106.21566772461,876.0139830780006,640.9555250614853,0.0,
ID3119 ? ID3121,28,3119,3121,-1.0,0.007254789138950054,0.05063911571090852,21.22362175895383,68106.21566772461,872.6994102270039,635.4312369764908,0.0,
ID3123 ? ID3126,28,3123,3126,-1.0,1.7757271990114214E-5,0.005310752678384734,534.1960870479018,118609.59405517578,749.5077859316269,875.1853398652515,0.0,
ID3138 ? ID3141,28,3138,3141,-1.0,2.7959816825875663E-5,0.005177971701533972,416.67196938954555,302182.03997802734,1238.9597102621385,823.8094606748027,0.0,
ID3126 ? ID3130,28,3126,3130,-1.0,0.0067656032584666945,0.03728103218024238,15.625046264510578,169112.97244262695,631.8404497212443,1106.6530106265204,0.0,
ID3169 ? ID3171,30,3169,3171,-1.0,0.006353096295282891,0.0026361670664285046,1.1048576169989701,342207.5390319824,1394.7446342589828,732.1062784638943,0.0,
ID3165 ? ID3169,30,3165,3169,-1.0,1.051272831365636E-5,9.085752670941339E-4,129.47121139055395,270748.40197753906,1337.8444669835399,761.9374341228645,0.0,
ID3150 ? ID3153,30,3150,3153,-1.0,NaN,0.0027270920371049827,172.58781342858933,31643.195587158203,1273.2102963891043,755.3082884208711,0.0,
ID3163 ? ID3177,30,3163,3177,-1.0,1.3714922467750169E-5,0.0010305338579849038,147.28212039397502,270957.959564209,1316.2997434520612,720.505273485406,0.0,
ID3161 ? ID3165,30,3161,3165,-1.0,0.004094728205240587,0.04023934386759147,16.864919580147177,199289.2649230957,1275.9724404316016,784.5870152713419,0.0,
ID3184 ? ID3187,30,3184,3187,-1.0,5.234642583024493E-6,0.0010030329303340826,132.42169094570025,276406.45681762695,1198.0799784331791,749.7840003358767,0.0,
ID3153 ? ID3157,30,3153,3157,-1.0,0.007042208018057985,0.017683946281739808,7.411610211203865,63495.94876098633,1222.386846007155,820.494887823806,0.0,
ID3169 ? ID3173,30,3169,3173,-1.0,3.64243303937612E-5,0.023578595042319662,9.882146948271785,342207.5390319824,1399.716493535478,729.8965632298965,0.0,
ID3153 ? ID3155,30,3153,3155,-1.0,7.851056601415261E-4,0.009504835528697008,3.9836207901765515,63495.94876098633,1219.0722731561584,824.9143182918017,0.0,
ID3161 ? ID3163,30,3161,3163,-1.0,0.005065005652322807,0.008336292222637872,3.493866559902463,199289.2649230957,1269.8957235381076,776.8530119523496,0.0,
ID3180 ? ID3182,30,3180,3182,-1.0,0.0025320106011180897,0.008336292222637787,3.4938665599024272,210186.25942993164,1126.2642333282508,723.8198463364026,0.0,
ID3190 ? ID3192,30,3190,3192,-1.0,0.007319357091002858,0.007456206436048015,3.1250092529019224,317060.6286315918,962.1928772039148,531.022192170095,0.0,
ID3190 ? ID3194,30,3190,3194,-1.0,0.003965511325460671,0.022677166563681548,9.504344595193901,317060.6286315918,964.9550212464119,527.1551905105989,0.0,
ID3182 ? ID3190,30,3182,3190,-1.0,9.70557714193461E-6,0.0023842810606717634,253.81924598872558,263623.4440307617,1043.9523408618331,626.0399472320003,0.0,
ID3180 ? ID3184,30,3180,3184,-1.0,0.007308688660544698,0.030056929055972396,12.597315031357256,210186.25942993164,1129.5788061792475,730.448992038396,0.0,
ID3194 ? ID3198,30,3194,3198,-1.0,5.721390385528616E-6,0.004381512685803875,110.18150692808493,329843.64141845703,1008.5968971178684,486.27545868163963,0.0,
ID3157 ? ID3161,30,3157,3161,-1.0,3.0295827236351628E-6,4.5769981054222025E-4,61.96074614486426,131392.60684204102,1247.7985711981296,797.2928778668293,0.0,
ID3155 ? ID3180,30,3155,3180,-1.0,9.7035196707325E-6,9.303370002318442E-4,136.08150523770723,136841.10409545898,1171.5633956252059,775.7481543353508,0.0,
ID3192 ? ID3201,30,3192,3201,-1.0,8.816584277788099E-5,0.004436460234191632,111.56326800411298,329843.64141845703,971.0317381399058,476.88416893714896,0.0,
ID3217 ? ID3225,31,3217,3225,-1.0,1.2155447351825098E-6,0.00162776795498345,295.4022336481004,251678.66159057617,632.9453073382433,511.6871838726143,0.0,
ID3230 ? ID3248,31,3230,3248,-1.0,1.952650843690878E-5,7.560809634988209E-4,120.73318655286623,262575.6560974121,776.5767975480999,741.497568208385,0.0,
ID3235 ? ID3239,31,3235,3239,-1.0,0.001859200274538964,0.02911741695032039,12.203551252342034,295685.75479125977,666.6434646567097,811.1035980793154,0.0,
ID3215 ? ID3217,31,3215,3217,-1.0,4.7098165947289576E-4,0.008336292222637872,3.493866559902463,160730.66897583008,709.7329117196666,639.8506674444864,0.0,
ID3239 ? ID3242,31,3239,3242,-1.0,4.704812481817712E-5,6.568718774537109E-4,30.55885175669995,319156.204498291,678.7968984436975,807.2365964198193,0.0,
ID3228 ? ID3230,31,3228,3230,-1.0,0.003653442180715853,0.015371363351118996,6.442371615373959,182524.65798950195,748.4029283146281,691.7789754434345,0.0,
ID3232 ? ID3235,31,3232,3235,-1.0,1.1815121995280378E-5,0.0012183813808871308,137.3627312603834,239105.20639038086,709.7329117196666,751.9937155698744,0.0,
ID3235 ? ID3237,31,3235,3237,-1.0,0.005852886393746917,0.007908501199284972,3.314572850996683,295685.75479125977,666.0910358482103,803.3695947603231,0.0,
ID3219 ? ID3223,31,3219,3223,-1.0,1.669628398355599E-5,4.494519664322035E-4,81.56513610869914,251678.66159057617,725.2009183576513,611.1243694025151,0.0,
ID3207 ? ID3211,31,3207,3211,-1.0,1.58830240492976E-4,0.010544668265713205,4.419430467995539,88642.85916137695,721.3339166981551,727.6868479958987,0.0,
ID3215 ? ID3219,31,3215,3219,-1.0,0.006431375612499529,0.01667258444527583,6.987733119804962,160730.66897583008,709.1804829111672,644.8225267209814,0.0,
ID3211 ? ID3215,31,3211,3215,-1.0,4.209979927989606E-5,0.0012428923015860393,89.07646883416034,124686.76406860352,715.8096286131606,685.7022585499406,0.0,
ID3204 ? ID3207,31,3204,3207,-1.0,NaN,9.391061803915394E-4,83.04826006123622,44216.650787353516,724.0960607406523,684.0449721244423,0.0,
ID3207 ? ID3209,31,3207,3209,-1.0,0.006569253776896313,0.025008876667914046,10.48159967970757,88642.85916137695,719.6766302726567,720.505273485406,0.0,
ID3209 ? ID3228,31,3209,3228,-1.0,1.4043509726640134E-5,4.098456225667232E-4,38.30527176925213,135583.75857543945,734.0397792936424,705.0372668474213,0.0,
ID3237 ? ID3245,31,3237,3245,-1.0,1.4628012140418378E-5,6.416694772277449E-4,29.85160897344645,319156.204498291,675.4823255927008,790.1113033563364,0.0,
ID3228 ? ID3232,31,3228,3232,-1.0,0.0035963813483485913,0.013180835332141762,5.524288084994532,182524.65798950195,751.7175011656248,696.7508347199296,0.0,
ID3263 ? ID3266,32,3263,3266,-1.0,7.04015214831595E-6,0.003995663998549027,411.9622787024736,157587.30517578125,699.2367643581772,656.9759605079693,0.0,
ID3296 ? ID3298,32,3296,3298,-1.0,0.0017861054577614102,0.07400073594277035,31.014831271930202,335920.81143188477,713.5999133791628,732.1062784638943,0.0,
ID3296 ? ID3300,32,3296,3300,-1.0,0.001292601065824072,0.058532407804957325,24.53182024317311,335920.81143188477,710.2853405281661,729.344134421397,0.0,
ID3268 ? ID3277,32,3268,3277,-1.0,7.437995134106582E-6,0.0017401880483589878,231.20053132361278,275987.3416442871,566.6538503183094,363.6362631947621,0.0,
ID3293 ? ID3296,32,3293,3296,-1.0,5.17441010393152E-6,0.0016270045321489352,340.2692409716399,231142.01809692383,565.5489927013106,837.620180887289,0.0,
ID3256 ? ID3259,32,3256,3259,-1.0,2.4410147778070744E-5,0.0014733911835360033,132.76692927629426,60562.14254760742,779.8913703990966,908.8834971837179,0.0,
ID3279 ? ID3281,32,3279,3281,-1.0,0.0011617313396965856,0.01603517825527637,6.72058651399545,265928.57748413086,693.7124762731826,813.3133133133133,0.0,
ID3266 ? ID3268,32,3266,3268,-1.0,0.001579111048677333,0.014196194111856884,5.949840355956967,209348.02908325195,592.6180043177835,477.9890265541479,0.0,
ID3250 ? ID3252,32,3250,3252,-1.0,NaN,0.00150248960928113,22.669782949266295,7544.0731201171875,761.6612197186148,971.860381352655,0.0,
ID3252 ? ID3254,32,3252,3254,-1.0,2.563208407574253E-4,0.026361670664283313,11.048576169988975,15297.703826904297,748.9553571231274,960.811805182666,0.0,
ID3266 ? ID3270,32,3266,3270,-1.0,0.00654416293861419,0.013180835332141629,5.524288084994476,209348.02908325195,597.5898635942785,480.7511705966451,0.0,
ID3254 ? ID3289,32,3254,3289,-1.0,5.347164448631785E-6,0.00288968856669526,319.7336536755632,70830.4642944336,584.8840009987913,949.2108002041776,0.0,
ID3279 ? ID3283,32,3279,3283,-1.0,0.006334042742055404,0.01603517825527637,6.72058651399545,265928.57748413086,700.3416219751759,812.2084556963143,0.0,
ID3252 ? ID3256,32,3252,3256,-1.0,0.00701949025546288,0.02267716656368199,9.504344595194086,15297.703826904297,756.1369316336204,967.9933796931589,0.0,
ID3261 ? ID3279,32,3261,3279,-1.0,2.01493455213303E-6,6.564009624124354E-4,104.8159967970746,185877.5793762207,746.7456418891297,829.3337487597973,0.0,
ID3283 ? ID3286,32,3283,3286,-1.0,2.02879624024984E-5,4.0968167231035724E-4,31.250092529021266,304277.61584472656,701.4464795921749,796.1880202498303,0.0,
ID3270 ? ID3274,32,3270,3274,-1.0,1.7941570752347676E-6,5.494216791907154E-4,72.99589505248706,275987.3416442871,623.0015887852533,510.5823262556154,0.0,
ID3289 ? ID3293,32,3289,3293,-1.0,0.006653439498786437,0.0200764502470689,8.414344925349031,126363.22476196289,429.09907700194674,942.5816545021843,0.0,
ID3289 ? ID3291,32,3289,3291,-1.0,3.472529451863303E-4,0.013441867312808742,5.633690548819016,126363.22476196289,422.4699312999534,940.3719392681865,0.0,
ID3259 ? ID3261,32,3259,3261,-1.0,0.004515577105238678,0.010544668265713205,4.419430467995539,105826.58126831055,798.6739498880779,845.9066130147808,0.0,
ID3259 ? ID3263,32,3259,3263,-1.0,2.967084048897573E-4,0.026883734625617536,11.267381097638053,105826.58126831055,801.9885227390746,840.3823249297863,0.0,
ID3291 ? ID3304,32,3291,3304,-1.0,6.715056633893361E-6,0.0030948003200847083,262.0097100661103,168903.41485595703,297.62102057907794,987.3283879906396,0.0,
ID3324 ? ID3328,33,3324,3328,-1.0,0.0018635997456667172,0.015371363351118855,6.442371615373901,202642.18630981445,774.9195111226015,1095.0520056480323,0.0,
ID3328 ? ID3332,33,3328,3332,-1.0,1.2712378770694184E-5,0.003098233425729473,432.4060408775447,272634.42025756836,935.6762943959411,951.4205154381755,0.0,
ID3311 ? ID3318,33,3311,3318,-1.0,4.504386705727891E-6,0.004063852864623848,291.25103002114,46312.226654052734,839.0012529085375,774.6432967183518,0.0,
ID3326 ? ID3334,33,3326,3334,-1.0,1.3204994911953654E-5,0.00219123236437674,305.8201178304698,272634.42025756836,892.5868473329842,1000.5866793946263,0.0,
ID3349 ? ID3352,33,3349,3352,-1.0,1.917532939877339E-6,0.004348592753525911,606.9128814909074,163664.47518920898,1314.0900282180635,503.40075174512253,0.0,
ID3309 ? ID3311,33,3309,3311,-1.0,0.006238014933149293,0.029473243802900125,12.352683685339962,10268.321746826172,862.2032628655145,624.9350896150013,0.0,
ID3336 ? ID3340,33,3336,3340,-1.0,0.007257712483032693,0.020589122976207602,8.629213845088609,228627.32705688477,499.2575356813767,1141.4560255619858,0.0,
ID3313 ? ID3345,33,3313,3345,-1.0,1.2309962716875015E-5,0.0018232855734339065,151.30499653324205,51970.281494140625,941.7530112894351,601.180650849525,0.0,
ID3354 ? ID3356,33,3354,3356,-1.0,8.956534978790371E-4,0.010869195261658847,4.555444656154756,225693.52084350586,999.2056073733777,455.89187421417,0.0,
ID3358 ? ID3362,33,3358,3362,-1.0,1.3904354634465812E-5,0.002253134059682917,262.5217028109714,284160.08752441406,1120.187516434757,408.93542549171684,0.0,
ID3347 ? ID3354,33,3347,3354,-1.0,2.288100168239881E-5,0.0010330140291115717,135.94688211630626,159682.88104248047,1007.4920395008694,525.4979040851006,0.0,
ID3318 ? ID3322,33,3318,3322,-1.0,0.002794460794234132,0.01537136335111909,6.4423716153739985,82356.1315612793,821.3235310365553,920.4845021622062,0.0,
ID3320 ? ID3324,33,3320,3324,-1.0,2.2823645583178805E-5,0.0015470081863263587,185.43513679271413,142499.15893554688,795.3593770370812,1002.2439658201247,0.0,
ID3324 ? ID3326,33,3324,3326,-1.0,0.0048644842717226085,0.024304259465787233,10.186283918899955,202642.18630981445,769.3952230376071,1088.9752887545383,0.0,
ID3336 ? ID3338,33,3336,3338,-1.0,0.0014195693351847759,0.005272334132856738,2.2097152339978265,228627.32705688477,494.8381052133811,1144.218169604483,0.0,
ID3345 ? ID3347,33,3345,3347,-1.0,0.004150521240624877,0.010544668265713205,4.419430467995539,93672.24124145508,1016.3309004368606,590.6845034880355,0.0,
ID3318 ? ID3320,33,3318,3320,-1.0,0.0067657294770222046,0.01603517825527637,6.72058651399545,82356.1315612793,818.0089581855586,915.5126428857112,0.0,
ID3307 ? ID3309,33,3307,3309,-1.0,NaN,0.00380814890968247,38.30527176925213,5029.382080078125,848.9449714615278,629.9069488914963,0.0,
ID3309 ? ID3313,33,3309,3313,-1.0,0.0014561323814921894,0.01419619411185658,5.94984035595684,10268.321746826172,866.0702645250107,616.6486574875096,0.0,
ID3322 ? ID3336,33,3322,3336,-1.0,1.375510106473985E-5,0.002716633521278745,396.2266505517068,155491.72930908203,660.0143189547163,1033.1799790960938,0.0,
ID3356 ? ID3364,33,3356,3364,-1.0,1.7324153005813005E-5,0.0017425579678141078,203.03243075636772,284160.08752441406,900.3208506519763,474.1220248946518,0.0,
ID3345 ? ID3349,33,3345,3349,-1.0,8.867953762888425E-4,0.015371363351119322,6.442371615374096,93672.24124145508,1019.0930444793579,586.8175018285393,0.0,
ID3354 ? ID3358,33,3354,3358,-1.0,0.006899033412044775,0.014196194111857009,5.949840355957019,225693.52084350586,999.7580361818773,460.863733490665,0.0,
ID3373 ? ID3377,34,3373,3377,-1.0,7.159082835344576E-6,9.195255345583486E-4,64.74503343954824,121543.40026855469,1048.9242001383282,710.5615549324158,0.0,
ID3401 ? ID3404,34,3401,3404,-1.0,3.1692141075509044E-6,0.0027521482268977188,385.25800511184246,229255.99981689453,1343.3687550685343,666.9196790609594,0.0,
ID3420 ? ID3429,34,3420,3429,-1.0,9.456184445369687E-6,0.0010856148126720583,85.99455403434347,302810.7127380371,1337.2920381750403,552.5669157015735,0.0,
ID3384 ? ID3388,34,3384,3388,-1.0,0.0017089232795997372,0.024304259465787324,10.186283918899992,274310.88095092773,1255.532574517122,845.9066130147808,0.0,
ID3369 ? ID3371,34,3369,3371,-1.0,0.0018739435204379981,0.02108933653142668,8.838860935991192,86128.16812133789,1080.4126422227966,674.6536823799518,0.0,
ID3399 ? ID3418,34,3399,3418,-1.0,2.0829827971449235E-5,0.002682427407118392,277.6887688433752,211024.48977661133,1252.7704304746248,597.8660779985282,0.0,
ID3388 ? ID3391,34,3388,3391,-1.0,1.935897090671168E-5,8.630635625578581E-4,58.599131609207845,308468.767578125,1261.6092914106157,815.523028547311,0.0,
ID3377 ? ID3379,34,3377,3379,-1.0,4.2098343124853096E-4,0.011789297521159831,4.941073474135893,156958.63241577148,1020.7503309048564,731.0014208468954,0.0,
ID3377 ? ID3381,34,3377,3381,-1.0,0.006232562999774387,0.023871508074982343,10.004911244729705,156958.63241577148,1027.931905415349,729.344134421397,0.0,
ID3397 ? ID3399,34,3397,3399,-1.0,0.006739710244242999,0.02596323457903062,10.881585561053443,159054.2082824707,1140.6273823492365,674.6536823799516,0.0,
ID3406 ? ID3415,34,3406,3415,-1.0,6.928085695198019E-5,0.0010418361939765373,44.538234417080346,321042.2227783203,1521.8032602138562,659.1856757419671,0.0,
ID3404 ? ID3406,34,3404,3406,-1.0,0.0012523245722288953,0.019009671057394015,7.967241580353103,299457.79135131836,1538.9285532773392,652.5565300399737,0.0,
ID3384 ? ID3386,34,3384,3386,-1.0,0.0049350708088006555,0.01318083533214171,5.5242880849945095,274310.88095092773,1250.560715240627,844.2493265892824,0.0,
ID3408 ? ID3412,34,3408,3412,-1.0,2.3487088550127165E-5,0.0015984110678909761,68.33166984232003,321042.2227783203,1505.7828247673722,675.2061111884511,0.0,
ID3418 ? ID3420,34,3418,3420,-1.0,0.0061428419744474815,0.002636167066429047,1.1048576169991975,262994.77127075195,1369.3329090680083,523.2881888511027,0.0,
ID3371 ? ID3397,34,3371,3397,-1.0,2.306183623622269E-5,9.036765467696331E-4,65.52280758985357,122591.1882019043,1113.005941924264,673.5488247629528,0.0,
ID3386 ? ID3393,34,3386,3393,-1.0,1.0057611289045258E-5,0.002810835906415448,190.8463644598411,308468.767578125,1190.3459751141868,767.461722207859,0.0,
ID3418 ? ID3422,34,3418,3422,-1.0,0.006380649285733582,0.026493151134100494,11.103681629887207,262994.77127075195,1364.3610497915133,523.8406176596022,0.0,
ID3369 ? ID3373,34,3369,3373,-1.0,0.0046039063240997545,0.031852927857729134,13.350045380473682,86128.16812133789,1077.6504981802996,685.1498297414412,0.0,
ID3379 ? ID3395,34,3379,3395,-1.0,9.121457986508243E-6,0.0015284713905858547,283.1476539001891,249792.64331054688,1096.4330776692807,850.3260434827763,0.0,
ID3422 ? ID3426,34,3422,3426,-1.0,6.971949480690563E-7,0.004249213105444088,336.59193088951946,302810.7127380371,1192.5556903481847,550.3572004675757,0.0,
ID3404 ? ID3408,34,3404,3408,-1.0,0.0065774467286532695,0.008336292222637787,3.4938665599024272,299457.79135131836,1533.956694000844,654.2138164654721,0.0,
ID3381 ? ID3384,34,3381,3384,-1.0,5.201468004555287E-6,0.0021182212853998223,247.6902520554956,215634.7566833496,1141.7322399662355,787.9015881223386,0.0,
ID3397 ? ID3401,34,3397,3401,-1.0,6.660695951953385E-4,0.014196194111857185,5.949840355957093,159054.2082824707,1148.3613856682289,677.9682552309484,0.0,
ID3367 ? ID3369,34,3367,3369,-1.0,NaN,0.003291642353475061,282.81333738764164,42959.305267333984,1180.4022565611967,779.0627271863475,0.0,
